A13R19R7EQQNVA:35BLDD71I6XNP40HIXJ809VWZDJVZC,initialized,0,,1520460166648
A13R19R7EQQNVA:35BLDD71I6XNP40HIXJ809VWZDJVZC,window_resize,0,"[1028, 674]",1520460166648
A13R19R7EQQNVA:35BLDD71I6XNP40HIXJ809VWZDJVZC,window_resize,373,"[1028, 674]",1520460167021
A13R19R7EQQNVA:35BLDD71I6XNP40HIXJ809VWZDJVZC,focus,80055,off,1520460247076
A13R19R7EQQNVA:35BLDD71I6XNP40HIXJ809VWZDJVZC,focus,2,on,1520460247078
A13R19R7EQQNVA:35BLDD71I6XNP40HIXJ809VWZDJVZC,focus,1,off,1520460247079
A13R19R7EQQNVA:35BLDD71I6XNP40HIXJ809VWZDJVZC,window_resize,362,"[1280, 644]",1520460247441
A13R19R7EQQNVA:35BLDD71I6XNP40HIXJ809VWZDJVZC,focus,2310,on,1520460249751
A13R19R7EQQNVA:3NGI5ARFTT5DPOIDOA1H2NM20D5P12,initialized,0,,1520533469110
A13R19R7EQQNVA:3NGI5ARFTT5DPOIDOA1H2NM20D5P12,window_resize,0,"[1028, 674]",1520533469110
A13R19R7EQQNVA:3NGI5ARFTT5DPOIDOA1H2NM20D5P12,window_resize,333,"[1028, 674]",1520533469443
A13R19R7EQQNVA:3NGI5ARFTT5DPOIDOA1H2NM20D5P12,window_resize,1835,"[1280, 644]",1520533471278
A13R19R7EQQNVA:3NGI5ARFTT5DPOIDOA1H2NM20D5P12,focus,47025,off,1520533518303
A13R19R7EQQNVA:3NGI5ARFTT5DPOIDOA1H2NM20D5P12,focus,1,on,1520533518304
A13R19R7EQQNVA:3NGI5ARFTT5DPOIDOA1H2NM20D5P12,focus,0,off,1520533518304
A13R19R7EQQNVA:3NGI5ARFTT5DPOIDOA1H2NM20D5P12,focus,23,on,1520533518327
A1591LK9JIOJU1:39DD6S19JPB6NTEVN7UY057AZIJEZS,initialized,0,,1520462510296
A1591LK9JIOJU1:39DD6S19JPB6NTEVN7UY057AZIJEZS,window_resize,0,"[1024, 768]",1520462510296
A1591LK9JIOJU1:39DD6S19JPB6NTEVN7UY057AZIJEZS,window_resize,279,"[1024, 768]",1520462510575
A1591LK9JIOJU1:39DD6S19JPB6NTEVN7UY057AZIJEZS,focus,54125,off,1520462564700
A1591LK9JIOJU1:39DD6S19JPB6NTEVN7UY057AZIJEZS,focus,50965,on,1520462615665
A1591LK9JIOJU1:39DD6S19JPB6NTEVN7UY057AZIJEZS,focus,76444,off,1520462692109
A1591LK9JIOJU1:39DD6S19JPB6NTEVN7UY057AZIJEZS,focus,21259,on,1520462713368
A1591LK9JIOJU1:39DD6S19JPB6NTEVN7UY057AZIJEZS,focus,18175,off,1520462731543
A1591LK9JIOJU1:39DD6S19JPB6NTEVN7UY057AZIJEZS,focus,27996,on,1520462759539
A1591LK9JIOJU1:39DD6S19JPB6NTEVN7UY057AZIJEZS,focus,41818,off,1520462801357
A1591LK9JIOJU1:39DD6S19JPB6NTEVN7UY057AZIJEZS,focus,24050,on,1520462825407
A1591LK9JIOJU1:39DD6S19JPB6NTEVN7UY057AZIJEZS,focus,23828,off,1520462849235
A1591LK9JIOJU1:39DD6S19JPB6NTEVN7UY057AZIJEZS,focus,4093,on,1520462853328
A1591LK9JIOJU1:39DD6S19JPB6NTEVN7UY057AZIJEZS,window_resize,112060,"[1024, 768]",1520462965388
A15WCNO32MHBAF:3DBQWDE4Y6YCAL7J9IQ11OUOCACN5H,initialized,0,,1520441386436
A15WCNO32MHBAF:3DBQWDE4Y6YCAL7J9IQ11OUOCACN5H,window_resize,0,"[1024, 667]",1520441386436
A15WCNO32MHBAF:3DBQWDE4Y6YCAL7J9IQ11OUOCACN5H,focus,82,on,1520441386518
A15WCNO32MHBAF:3DBQWDE4Y6YCAL7J9IQ11OUOCACN5H,window_resize,197,"[1024, 667]",1520441386715
A15WCNO32MHBAF:3DBQWDE4Y6YCAL7J9IQ11OUOCACN5H,focus,26851,off,1520441413566
A15WCNO32MHBAF:3DBQWDE4Y6YCAL7J9IQ11OUOCACN5H,focus,1,on,1520441413567
A15WCNO32MHBAF:3LUY3GC63Z0R0AXFDQIQ3XDF31BP79,initialized,0,,1520562234864
A15WCNO32MHBAF:3LUY3GC63Z0R0AXFDQIQ3XDF31BP79,window_resize,0,"[1024, 667]",1520562234864
A15WCNO32MHBAF:3LUY3GC63Z0R0AXFDQIQ3XDF31BP79,focus,80,on,1520562234944
A15WCNO32MHBAF:3LUY3GC63Z0R0AXFDQIQ3XDF31BP79,window_resize,197,"[1024, 667]",1520562235141
A15WCNO32MHBAF:3LUY3GC63Z0R0AXFDQIQ3XDF31BP79,focus,44421,on,1520562279562
A15WCNO32MHBAF:3LUY3GC63Z0R0AXFDQIQ3XDF31BP79,window_resize,197,"[1024, 667]",1520562279759
A15WCNO32MHBAF:3LUY3GC63Z0R0AXFDQIQ3XDF31BP79,focus,1972,off,1520562281731
A15WCNO32MHBAF:3LUY3GC63Z0R0AXFDQIQ3XDF31BP79,focus,886,on,1520562282617
A15WCNO32MHBAF:3LUY3GC63Z0R0AXFDQIQ3XDF31BP79,focus,516112,off,1520562798729
A15WCNO32MHBAF:3LUY3GC63Z0R0AXFDQIQ3XDF31BP79,focus,1451,on,1520562800180
A15WCNO32MHBAF:3LUY3GC63Z0R0AXFDQIQ3XDF31BP79,focus,24989,off,1520562825169
A15WCNO32MHBAF:3LUY3GC63Z0R0AXFDQIQ3XDF31BP79,focus,4724,on,1520562829893
A1AGPPFSUSJSZN:36AHBNMV1RC1QXQQVQHVGGGNTG1YDN,initialized,0,,1520541638666
A1AGPPFSUSJSZN:36AHBNMV1RC1QXQQVQHVGGGNTG1YDN,window_resize,0,"[1024, 768]",1520541638666
A1AGPPFSUSJSZN:36AHBNMV1RC1QXQQVQHVGGGNTG1YDN,window_resize,236,"[1024, 768]",1520541638902
A1AGPPFSUSJSZN:36AHBNMV1RC1QXQQVQHVGGGNTG1YDN,window_resize,63953,"[1280, 933]",1520541702855
A1AGPPFSUSJSZN:36AHBNMV1RC1QXQQVQHVGGGNTG1YDN,window_resize,382654,"[1024, 768]",1520542085509
A1AGPPFSUSJSZN:36AHBNMV1RC1QXQQVQHVGGGNTG1YDN,focus,1848,off,1520542087357
A1AGPPFSUSJSZN:36AHBNMV1RC1QXQQVQHVGGGNTG1YDN,focus,4812,on,1520542092169
A1AGPPFSUSJSZN:36AHBNMV1RC1QXQQVQHVGGGNTG1YDN,window_resize,3448,"[1048, 868]",1520542095617
A1AGPPFSUSJSZN:3J88R45B2GYLFP36V3MOXWQ35OWPXY,initialized,0,,1520445586408
A1AGPPFSUSJSZN:3J88R45B2GYLFP36V3MOXWQ35OWPXY,window_resize,0,"[1024, 721]",1520445586408
A1AGPPFSUSJSZN:3J88R45B2GYLFP36V3MOXWQ35OWPXY,window_resize,251,"[1024, 721]",1520445586659
A1AGPPFSUSJSZN:3J88R45B2GYLFP36V3MOXWQ35OWPXY,focus,125339,off,1520445711998
A1AGPPFSUSJSZN:3J88R45B2GYLFP36V3MOXWQ35OWPXY,focus,0,on,1520445711998
A1AGPPFSUSJSZN:3J88R45B2GYLFP36V3MOXWQ35OWPXY,focus,1,off,1520445711999
A1AGPPFSUSJSZN:3J88R45B2GYLFP36V3MOXWQ35OWPXY,focus,0,on,1520445711999
A1AGPPFSUSJSZN:3J88R45B2GYLFP36V3MOXWQ35OWPXY,focus,1,off,1520445712000
A1AGPPFSUSJSZN:3J88R45B2GYLFP36V3MOXWQ35OWPXY,focus,1,on,1520445712001
A1AGPPFSUSJSZN:3J88R45B2GYLFP36V3MOXWQ35OWPXY,focus,1,off,1520445712002
A1AGPPFSUSJSZN:3J88R45B2GYLFP36V3MOXWQ35OWPXY,focus,48001,on,1520445760003
A1AGPPFSUSJSZN:3J88R45B2GYLFP36V3MOXWQ35OWPXY,focus,61819,off,1520445821822
A1AGPPFSUSJSZN:3J88R45B2GYLFP36V3MOXWQ35OWPXY,focus,2,on,1520445821824
A1AGPPFSUSJSZN:3J88R45B2GYLFP36V3MOXWQ35OWPXY,focus,9,off,1520445821833
A1AGPPFSUSJSZN:3J88R45B2GYLFP36V3MOXWQ35OWPXY,focus,141,on,1520445821974
A1AGPPFSUSJSZN:3J88R45B2GYLFP36V3MOXWQ35OWPXY,window_resize,94,"[956, 653]",1520445822068
A1AGPPFSUSJSZN:3J88R45B2GYLFP36V3MOXWQ35OWPXY,focus,238,off,1520445822306
A1AGPPFSUSJSZN:3J88R45B2GYLFP36V3MOXWQ35OWPXY,focus,3145,on,1520445825451
A1AGPPFSUSJSZN:3J88R45B2GYLFP36V3MOXWQ35OWPXY,window_resize,37048,"[1366, 677]",1520445862499
A1C1YCP428CQ7E:3JNQLM5FT4MUNOLBFM8OQPNNNDSL2Z,initialized,0,,1520616383453
A1C1YCP428CQ7E:3JNQLM5FT4MUNOLBFM8OQPNNNDSL2Z,window_resize,0,"[1022, 1004]",1520616383453
A1C1YCP428CQ7E:3JNQLM5FT4MUNOLBFM8OQPNNNDSL2Z,focus,64,on,1520616383517
A1C1YCP428CQ7E:3JNQLM5FT4MUNOLBFM8OQPNNNDSL2Z,window_resize,197,"[1022, 1004]",1520616383714
A1C1YCP428CQ7E:3JNQLM5FT4MUNOLBFM8OQPNNNDSL2Z,window_resize,126710,"[1022, 1004]",1520616510424
A1C1YCP428CQ7E:3JNQLM5FT4MUNOLBFM8OQPNNNDSL2Z,focus,2836,on,1520616513260
A1C1YCP428CQ7E:3JNQLM5FT4MUNOLBFM8OQPNNNDSL2Z,focus,39515,off,1520616552775
A1C1YCP428CQ7E:3JNQLM5FT4MUNOLBFM8OQPNNNDSL2Z,focus,45114,on,1520616597889
A1C1YCP428CQ7E:3JNQLM5FT4MUNOLBFM8OQPNNNDSL2Z,focus,10631,off,1520616608520
A1C1YCP428CQ7E:3JNQLM5FT4MUNOLBFM8OQPNNNDSL2Z,focus,6945,on,1520616615465
A1C1YCP428CQ7E:3JNQLM5FT4MUNOLBFM8OQPNNNDSL2Z,focus,5320,off,1520616620785
A1C1YCP428CQ7E:3JNQLM5FT4MUNOLBFM8OQPNNNDSL2Z,focus,50217,on,1520616671002
A1C1YCP428CQ7E:3JNQLM5FT4MUNOLBFM8OQPNNNDSL2Z,focus,110625,off,1520616781627
A1C1YCP428CQ7E:3JNQLM5FT4MUNOLBFM8OQPNNNDSL2Z,focus,2503,on,1520616784130
A1CXB0JXEY20NV:32SVAV9L3F92CNQQMVX30LC4ZBE3AN,initialized,0,,1520529450568
A1CXB0JXEY20NV:32SVAV9L3F92CNQQMVX30LC4ZBE3AN,window_resize,0,"[1024, 768]",1520529450568
A1CXB0JXEY20NV:32SVAV9L3F92CNQQMVX30LC4ZBE3AN,window_resize,268,"[1024, 768]",1520529450836
A1CXB0JXEY20NV:34FNN24DCM96MKBXGKZCI4SVGUHY5J,initialized,0,,1520443444344
A1CXB0JXEY20NV:34FNN24DCM96MKBXGKZCI4SVGUHY5J,window_resize,0,"[1024, 768]",1520443444344
A1CXB0JXEY20NV:34FNN24DCM96MKBXGKZCI4SVGUHY5J,focus,207,off,1520443444551
A1CXB0JXEY20NV:34FNN24DCM96MKBXGKZCI4SVGUHY5J,window_resize,73,"[1024, 768]",1520443444624
A1CXB0JXEY20NV:34FNN24DCM96MKBXGKZCI4SVGUHY5J,focus,332350,on,1520443776974
A1CXB0JXEY20NV:34FNN24DCM96MKBXGKZCI4SVGUHY5J,focus,9143,off,1520443786117
A1CXB0JXEY20NV:34FNN24DCM96MKBXGKZCI4SVGUHY5J,focus,74617,on,1520443860734
A1KIKDBI04LCZL:31N2WW6R9RQX8E7YXBJVEMNVWRZF3K,initialized,0,,1520535201081
A1KIKDBI04LCZL:31N2WW6R9RQX8E7YXBJVEMNVWRZF3K,window_resize,0,"[1137, 853]",1520535201081
A1KIKDBI04LCZL:31N2WW6R9RQX8E7YXBJVEMNVWRZF3K,window_resize,314,"[1137, 853]",1520535201395
A1KIKDBI04LCZL:3MX2NQ3YC9UHMFLNBODAZQLMEOMX5B,initialized,0,,1520447600135
A1KIKDBI04LCZL:3MX2NQ3YC9UHMFLNBODAZQLMEOMX5B,window_resize,0,"[1137, 853]",1520447600135
A1KIKDBI04LCZL:3MX2NQ3YC9UHMFLNBODAZQLMEOMX5B,window_resize,335,"[1137, 853]",1520447600470
A1MM2YSKUVTXH0:3PWWM24LHSYZ8H1SLXZKLK1H3AJ82K,initialized,0,,1520544866249
A1MM2YSKUVTXH0:3PWWM24LHSYZ8H1SLXZKLK1H3AJ82K,window_resize,0,"[1024, 768]",1520544866249
A1MM2YSKUVTXH0:3PWWM24LHSYZ8H1SLXZKLK1H3AJ82K,focus,68,on,1520544866317
A1MM2YSKUVTXH0:3PWWM24LHSYZ8H1SLXZKLK1H3AJ82K,window_resize,198,"[1024, 768]",1520544866515
A1MM2YSKUVTXH0:3YDGXNSEOZU9BVGFPBI8EZYFNJJ486,initialized,0,,1520441348053
A1MM2YSKUVTXH0:3YDGXNSEOZU9BVGFPBI8EZYFNJJ486,window_resize,0,"[1024, 768]",1520441348053
A1MM2YSKUVTXH0:3YDGXNSEOZU9BVGFPBI8EZYFNJJ486,focus,60,on,1520441348113
A1MM2YSKUVTXH0:3YDGXNSEOZU9BVGFPBI8EZYFNJJ486,window_resize,198,"[1024, 768]",1520441348311
A1N91AUYC0H7S4:37W3JXSD6680Z3QHCLML84580S6WYL,initialized,0,,1520453926289
A1N91AUYC0H7S4:37W3JXSD6680Z3QHCLML84580S6WYL,window_resize,0,"[1024, 726]",1520453926289
A1N91AUYC0H7S4:37W3JXSD6680Z3QHCLML84580S6WYL,window_resize,559,"[1024, 726]",1520453926848
A1N91AUYC0H7S4:37W3JXSD6680Z3QHCLML84580S6WYL,focus,174011,on,1520454100859
A1N91AUYC0H7S4:37W3JXSD6680Z3QHCLML84580S6WYL,focus,2,off,1520454100861
A1N91AUYC0H7S4:37W3JXSD6680Z3QHCLML84580S6WYL,focus,0,on,1520454100861
A1N91AUYC0H7S4:37W3JXSD6680Z3QHCLML84580S6WYL,focus,1,off,1520454100862
A1N91AUYC0H7S4:37W3JXSD6680Z3QHCLML84580S6WYL,focus,2,on,1520454100864
A1N91AUYC0H7S4:37W3JXSD6680Z3QHCLML84580S6WYL,focus,0,off,1520454100864
A1N91AUYC0H7S4:37W3JXSD6680Z3QHCLML84580S6WYL,focus,50569,on,1520454151433
A1N91AUYC0H7S4:3FE7TXL1LIN5EL1O7RGK7BMHXFN2Q5,initialized,0,,1520539042397
A1N91AUYC0H7S4:3FE7TXL1LIN5EL1O7RGK7BMHXFN2Q5,window_resize,0,"[1024, 726]",1520539042397
A1N91AUYC0H7S4:3FE7TXL1LIN5EL1O7RGK7BMHXFN2Q5,window_resize,880,"[1024, 726]",1520539043277
A1N91AUYC0H7S4:3FE7TXL1LIN5EL1O7RGK7BMHXFN2Q5,focus,106349,off,1520539149626
A1N91AUYC0H7S4:3FE7TXL1LIN5EL1O7RGK7BMHXFN2Q5,focus,0,on,1520539149626
A1N91AUYC0H7S4:3FE7TXL1LIN5EL1O7RGK7BMHXFN2Q5,focus,0,off,1520539149626
A1N91AUYC0H7S4:3FE7TXL1LIN5EL1O7RGK7BMHXFN2Q5,focus,2,on,1520539149628
A1N91AUYC0H7S4:3FE7TXL1LIN5EL1O7RGK7BMHXFN2Q5,focus,1,off,1520539149629
A1N91AUYC0H7S4:3FE7TXL1LIN5EL1O7RGK7BMHXFN2Q5,focus,0,on,1520539149629
A1N91AUYC0H7S4:3FE7TXL1LIN5EL1O7RGK7BMHXFN2Q5,focus,0,off,1520539149629
A1N91AUYC0H7S4:3FE7TXL1LIN5EL1O7RGK7BMHXFN2Q5,focus,0,on,1520539149629
A1N91AUYC0H7S4:3FE7TXL1LIN5EL1O7RGK7BMHXFN2Q5,focus,0,off,1520539149629
A1N91AUYC0H7S4:3FE7TXL1LIN5EL1O7RGK7BMHXFN2Q5,focus,1,on,1520539149630
A1N91AUYC0H7S4:3FE7TXL1LIN5EL1O7RGK7BMHXFN2Q5,focus,1924,off,1520539151554
A1N91AUYC0H7S4:3FE7TXL1LIN5EL1O7RGK7BMHXFN2Q5,focus,1536,on,1520539153090
A1NYIG31PDS832:3UNH76FOCS54URW38JGYZ63H2T4YME,initialized,0,,1520533948376
A1NYIG31PDS832:3UNH76FOCS54URW38JGYZ63H2T4YME,window_resize,0,"[1024, 656]",1520533948376
A1NYIG31PDS832:3UNH76FOCS54URW38JGYZ63H2T4YME,window_resize,242,"[1024, 656]",1520533948618
A1NYIG31PDS832:3UNH76FOCS54URW38JGYZ63H2T4YME,focus,138008,off,1520534086626
A1NYIG31PDS832:3UNH76FOCS54URW38JGYZ63H2T4YME,focus,34467,on,1520534121093
A1NYIG31PDS832:3W92K5RLWUHPIQGSB9CSB5O1YDF5VH,initialized,0,,1520441673712
A1NYIG31PDS832:3W92K5RLWUHPIQGSB9CSB5O1YDF5VH,window_resize,0,"[1024, 653]",1520441673712
A1NYIG31PDS832:3W92K5RLWUHPIQGSB9CSB5O1YDF5VH,window_resize,254,"[1024, 653]",1520441673966
A1NYIG31PDS832:3W92K5RLWUHPIQGSB9CSB5O1YDF5VH,focus,435256,off,1520442109222
A1NYIG31PDS832:3W92K5RLWUHPIQGSB9CSB5O1YDF5VH,focus,15673,on,1520442124895
A1VK5SS431NA46:3LWJHTCVCCMPFFD0VMVRRUG66FNQF0,initialized,0,,1520446040243
A1VK5SS431NA46:3LWJHTCVCCMPFFD0VMVRRUG66FNQF0,window_resize,0,"[1024, 768]",1520446040243
A1VK5SS431NA46:3LWJHTCVCCMPFFD0VMVRRUG66FNQF0,window_resize,307,"[1024, 768]",1520446040550
A1VK5SS431NA46:3LWJHTCVCCMPFFD0VMVRRUG66FNQF0,focus,44130,off,1520446084680
A1VK5SS431NA46:3LWJHTCVCCMPFFD0VMVRRUG66FNQF0,focus,11,on,1520446084691
A1VK5SS431NA46:3LWJHTCVCCMPFFD0VMVRRUG66FNQF0,focus,0,off,1520446084691
A1VK5SS431NA46:3LWJHTCVCCMPFFD0VMVRRUG66FNQF0,focus,189,on,1520446084880
A1VK5SS431NA46:3PPTZCWALQKVKW40WYPYUMWOIO5QZK,initialized,0,,1520533787529
A1VK5SS431NA46:3PPTZCWALQKVKW40WYPYUMWOIO5QZK,window_resize,0,"[1024, 768]",1520533787529
A1VK5SS431NA46:3PPTZCWALQKVKW40WYPYUMWOIO5QZK,window_resize,336,"[1024, 768]",1520533787865
A1WGAGT5ZN4A3X:34BBWHLWHABE93BC830IMGBKAGUIW1,initialized,0,,1520620963745
A1WGAGT5ZN4A3X:34BBWHLWHABE93BC830IMGBKAGUIW1,window_resize,0,"[1024, 722]",1520620963745
A1WGAGT5ZN4A3X:34BBWHLWHABE93BC830IMGBKAGUIW1,window_resize,327,"[1024, 722]",1520620964072
A1WGAGT5ZN4A3X:34BBWHLWHABE93BC830IMGBKAGUIW1,focus,17823,off,1520620981895
A1WGAGT5ZN4A3X:34BBWHLWHABE93BC830IMGBKAGUIW1,focus,4533,on,1520620986428
A1WGAGT5ZN4A3X:34BBWHLWHABE93BC830IMGBKAGUIW1,window_resize,63129,"[1024, 508]",1520621049557
A1WGAGT5ZN4A3X:34BBWHLWHABE93BC830IMGBKAGUIW1,focus,2998,off,1520621052555
A1WGAGT5ZN4A3X:34BBWHLWHABE93BC830IMGBKAGUIW1,focus,1288,on,1520621053843
A1WGAGT5ZN4A3X:34BBWHLWHABE93BC830IMGBKAGUIW1,window_resize,1639,"[1366, 678]",1520621055482
A1XFAUNS2LQL9H:33CKWXB73JKA8WZB38QR1R44X1A11T,initialized,0,,1520618082212
A1XFAUNS2LQL9H:33CKWXB73JKA8WZB38QR1R44X1A11T,window_resize,1,"[1024, 768]",1520618082213
A1XFAUNS2LQL9H:33CKWXB73JKA8WZB38QR1R44X1A11T,window_resize,465,"[1024, 768]",1520618082678
A1XFAUNS2LQL9H:33CKWXB73JKA8WZB38QR1R44X1A11T,focus,328445,off,1520618411123
A1XFAUNS2LQL9H:33CKWXB73JKA8WZB38QR1R44X1A11T,focus,41433,on,1520618452556
A21KGPIP2Y7HHS:39N5ACM9HENVETL8SNGAHT4LYPUP9C,initialized,0,,1520533943066
A21KGPIP2Y7HHS:39N5ACM9HENVETL8SNGAHT4LYPUP9C,window_resize,0,"[1024, 674]",1520533943066
A21KGPIP2Y7HHS:39N5ACM9HENVETL8SNGAHT4LYPUP9C,window_resize,273,"[1024, 674]",1520533943339
A21KGPIP2Y7HHS:3TU5ZICBRD1G003DN8PLH2ZKJB28QT,initialized,0,,1520443148819
A21KGPIP2Y7HHS:3TU5ZICBRD1G003DN8PLH2ZKJB28QT,window_resize,0,"[1024, 673]",1520443148819
A21KGPIP2Y7HHS:3TU5ZICBRD1G003DN8PLH2ZKJB28QT,window_resize,276,"[1024, 673]",1520443149095
A21KGPIP2Y7HHS:3TU5ZICBRD1G003DN8PLH2ZKJB28QT,window_resize,201953,"[1024, 673]",1520443351048
A21ZQJHXJQD557:34BBWHLWHABE93BC830IMGBKAD4WIJ,initialized,0,,1520539866686
A21ZQJHXJQD557:34BBWHLWHABE93BC830IMGBKAD4WIJ,window_resize,0,"[1024, 721]",1520539866686
A21ZQJHXJQD557:34BBWHLWHABE93BC830IMGBKAD4WIJ,window_resize,329,"[1024, 721]",1520539867015
A21ZQJHXJQD557:34BBWHLWHABE93BC830IMGBKAD4WIJ,window_resize,130492,"[971, 691]",1520539997507
A21ZQJHXJQD557:34BBWHLWHABE93BC830IMGBKAD4WIJ,window_resize,2189,"[1366, 677]",1520539999696
A21ZQJHXJQD557:3S3AMIZX3U5ONUPLZYZ6JPO4QOJCDL,initialized,0,,1520453297193
A21ZQJHXJQD557:3S3AMIZX3U5ONUPLZYZ6JPO4QOJCDL,window_resize,0,"[1024, 721]",1520453297193
A21ZQJHXJQD557:3S3AMIZX3U5ONUPLZYZ6JPO4QOJCDL,window_resize,319,"[1024, 721]",1520453297512
A21ZQJHXJQD557:3S3AMIZX3U5ONUPLZYZ6JPO4QOJCDL,focus,110735,off,1520453408247
A21ZQJHXJQD557:3S3AMIZX3U5ONUPLZYZ6JPO4QOJCDL,focus,4177,on,1520453412424
A21ZQJHXJQD557:3S3AMIZX3U5ONUPLZYZ6JPO4QOJCDL,window_resize,67123,"[790, 565]",1520453479547
A21ZQJHXJQD557:3S3AMIZX3U5ONUPLZYZ6JPO4QOJCDL,focus,8749,off,1520453488296
A21ZQJHXJQD557:3S3AMIZX3U5ONUPLZYZ6JPO4QOJCDL,focus,3150,on,1520453491446
A21ZQJHXJQD557:3S3AMIZX3U5ONUPLZYZ6JPO4QOJCDL,window_resize,3734,"[924, 655]",1520453495180
A21ZQJHXJQD557:3S3AMIZX3U5ONUPLZYZ6JPO4QOJCDL,window_resize,414,"[940, 663]",1520453495594
A21ZQJHXJQD557:3S3AMIZX3U5ONUPLZYZ6JPO4QOJCDL,window_resize,254,"[939, 662]",1520453495848
A23OWTM4N480J:3UN61F00HWPXPJZB2P7IA8ZYD8T5RH,initialized,0,,1520455471173
A23OWTM4N480J:3UN61F00HWPXPJZB2P7IA8ZYD8T5RH,window_resize,0,"[1024, 705]",1520455471173
A23OWTM4N480J:3UN61F00HWPXPJZB2P7IA8ZYD8T5RH,window_resize,325,"[1024, 705]",1520455471498
A23OWTM4N480J:3UN61F00HWPXPJZB2P7IA8ZYD8T5RH,focus,16753,off,1520455488251
A23OWTM4N480J:3UN61F00HWPXPJZB2P7IA8ZYD8T5RH,focus,45174,on,1520455533425
A23OWTM4N480J:3UN61F00HWPXPJZB2P7IA8ZYD8T5RH,window_resize,109714,"[1280, 677]",1520455643139
A24DSECWUBZC0Z:3CN4LGXD5XOOQ17X2FG2DCMHGYLY4D,initialized,0,,1520441545800
A24DSECWUBZC0Z:3CN4LGXD5XOOQ17X2FG2DCMHGYLY4D,window_resize,0,"[1024, 768]",1520441545800
A24DSECWUBZC0Z:3CN4LGXD5XOOQ17X2FG2DCMHGYLY4D,window_resize,271,"[1024, 768]",1520441546071
A24DSECWUBZC0Z:3CN4LGXD5XOOQ17X2FG2DCMHGYLY4D,focus,116647,off,1520441662718
A24DSECWUBZC0Z:3CN4LGXD5XOOQ17X2FG2DCMHGYLY4D,focus,5478,on,1520441668196
A24DSECWUBZC0Z:3CN4LGXD5XOOQ17X2FG2DCMHGYLY4D,focus,170996,off,1520441839192
A24DSECWUBZC0Z:3CN4LGXD5XOOQ17X2FG2DCMHGYLY4D,focus,5506,on,1520441844698
A24DSECWUBZC0Z:3JAOYWH7VI45N86A0VN30CV1TFQL97,initialized,0,,1520531455019
A24DSECWUBZC0Z:3JAOYWH7VI45N86A0VN30CV1TFQL97,window_resize,0,"[1024, 768]",1520531455019
A24DSECWUBZC0Z:3JAOYWH7VI45N86A0VN30CV1TFQL97,window_resize,265,"[1024, 768]",1520531455284
A24WDE3E887KCO:33FBRBDW6OZC6ZTUIQOQXXA3FXUC8N,initialized,0,,1520457671762
A24WDE3E887KCO:33FBRBDW6OZC6ZTUIQOQXXA3FXUC8N,window_resize,0,"[922, 650]",1520457671762
A24WDE3E887KCO:33FBRBDW6OZC6ZTUIQOQXXA3FXUC8N,focus,66,on,1520457671828
A24WDE3E887KCO:33FBRBDW6OZC6ZTUIQOQXXA3FXUC8N,window_resize,200,"[922, 650]",1520457672028
A24WDE3E887KCO:3PDJHANYK5GGJTLMB35TOABSMXDH6P,initialized,0,,1520534164951
A24WDE3E887KCO:3PDJHANYK5GGJTLMB35TOABSMXDH6P,window_resize,0,"[922, 650]",1520534164951
A24WDE3E887KCO:3PDJHANYK5GGJTLMB35TOABSMXDH6P,focus,64,on,1520534165015
A24WDE3E887KCO:3PDJHANYK5GGJTLMB35TOABSMXDH6P,window_resize,196,"[922, 650]",1520534165211
A2581F7TDPAMBQ:3Q8GYXHFEP2TJHASKSHNLD0CDE55C4,initialized,0,,1520616376936
A2581F7TDPAMBQ:3Q8GYXHFEP2TJHASKSHNLD0CDE55C4,window_resize,0,"[1024, 722]",1520616376936
A2581F7TDPAMBQ:3Q8GYXHFEP2TJHASKSHNLD0CDE55C4,window_resize,312,"[1024, 722]",1520616377248
A2581F7TDPAMBQ:3Q8GYXHFEP2TJHASKSHNLD0CDE55C4,window_resize,84090,"[1024, 693]",1520616461338
A26HH5XUH214F7:3L6L49WXW0XQODXDRDB52FOOLUG454,initialized,0,,1520461325980
A26HH5XUH214F7:3L6L49WXW0XQODXDRDB52FOOLUG454,window_resize,0,"[1024, 646]",1520461325980
A26HH5XUH214F7:3L6L49WXW0XQODXDRDB52FOOLUG454,focus,163,on,1520461326143
A26HH5XUH214F7:3L6L49WXW0XQODXDRDB52FOOLUG454,window_resize,197,"[1024, 646]",1520461326340
A26HH5XUH214F7:3L6L49WXW0XQODXDRDB52FOOLUG454,focus,162622,off,1520461488962
A26HH5XUH214F7:3L6L49WXW0XQODXDRDB52FOOLUG454,focus,84086,on,1520461573048
A26HH5XUH214F7:3L6L49WXW0XQODXDRDB52FOOLUG454,focus,27217,off,1520461600265
A26HH5XUH214F7:3L6L49WXW0XQODXDRDB52FOOLUG454,focus,50718,on,1520461650983
A26HH5XUH214F7:3L6L49WXW0XQODXDRDB52FOOLUG454,focus,24536,off,1520461675519
A26HH5XUH214F7:3L6L49WXW0XQODXDRDB52FOOLUG454,focus,50038,on,1520461725557
A26HH5XUH214F7:3L6L49WXW0XQODXDRDB52FOOLUG454,focus,23895,off,1520461749452
A26HH5XUH214F7:3L6L49WXW0XQODXDRDB52FOOLUG454,focus,54379,on,1520461803831
A26HH5XUH214F7:3L6L49WXW0XQODXDRDB52FOOLUG454,focus,25507,off,1520461829338
A26HH5XUH214F7:3L6L49WXW0XQODXDRDB52FOOLUG454,focus,67705,on,1520461897043
A26HH5XUH214F7:3L6L49WXW0XQODXDRDB52FOOLUG454,focus,71033,off,1520461968076
A26HH5XUH214F7:3L6L49WXW0XQODXDRDB52FOOLUG454,focus,16341,on,1520461984417
A26HH5XUH214F7:3WMINLGALB3QPNM9FO84TOGY5O6CA9,initialized,0,,1520536824278
A26HH5XUH214F7:3WMINLGALB3QPNM9FO84TOGY5O6CA9,window_resize,0,"[1024, 646]",1520536824278
A26HH5XUH214F7:3WMINLGALB3QPNM9FO84TOGY5O6CA9,focus,122,on,1520536824400
A26HH5XUH214F7:3WMINLGALB3QPNM9FO84TOGY5O6CA9,window_resize,194,"[1024, 646]",1520536824594
A27MFQYC1WKOM8:31UV0MXWNQCKWKWSC2D9WGY7QFOI5A,initialized,0,,1520536575739
A27MFQYC1WKOM8:31UV0MXWNQCKWKWSC2D9WGY7QFOI5A,window_resize,0,"[1022, 767]",1520536575739
A27MFQYC1WKOM8:31UV0MXWNQCKWKWSC2D9WGY7QFOI5A,focus,37,on,1520536575776
A27MFQYC1WKOM8:31UV0MXWNQCKWKWSC2D9WGY7QFOI5A,window_resize,198,"[1022, 767]",1520536575974
A27MFQYC1WKOM8:3ZQIG0FLQEGJV9VC7AZ1151EIAPVWU,initialized,0,,1520444893169
A27MFQYC1WKOM8:3ZQIG0FLQEGJV9VC7AZ1151EIAPVWU,window_resize,0,"[1024, 768]",1520444893169
A27MFQYC1WKOM8:3ZQIG0FLQEGJV9VC7AZ1151EIAPVWU,window_resize,256,"[1024, 768]",1520444893425
A27MFQYC1WKOM8:3ZQIG0FLQEGJV9VC7AZ1151EIAPVWU,focus,88900,off,1520444982325
A27MFQYC1WKOM8:3ZQIG0FLQEGJV9VC7AZ1151EIAPVWU,focus,0,on,1520444982325
A27MFQYC1WKOM8:3ZQIG0FLQEGJV9VC7AZ1151EIAPVWU,focus,0,off,1520444982325
A27MFQYC1WKOM8:3ZQIG0FLQEGJV9VC7AZ1151EIAPVWU,focus,0,on,1520444982325
A27MFQYC1WKOM8:3ZQIG0FLQEGJV9VC7AZ1151EIAPVWU,focus,0,off,1520444982325
A27MFQYC1WKOM8:3ZQIG0FLQEGJV9VC7AZ1151EIAPVWU,focus,1,on,1520444982326
A27MFQYC1WKOM8:3ZQIG0FLQEGJV9VC7AZ1151EIAPVWU,focus,2,off,1520444982328
A27MFQYC1WKOM8:3ZQIG0FLQEGJV9VC7AZ1151EIAPVWU,focus,0,on,1520444982328
A27MFQYC1WKOM8:3ZQIG0FLQEGJV9VC7AZ1151EIAPVWU,focus,1,off,1520444982329
A27MFQYC1WKOM8:3ZQIG0FLQEGJV9VC7AZ1151EIAPVWU,focus,26667,on,1520445008996
A29EL77Y1V21Q7:37Z929RLG98BB0AEIAPL3YA8FIEST9,initialized,0,,1520567379999
A29EL77Y1V21Q7:37Z929RLG98BB0AEIAPL3YA8FIEST9,window_resize,0,"[1024, 768]",1520567379999
A29EL77Y1V21Q7:37Z929RLG98BB0AEIAPL3YA8FIEST9,window_resize,246,"[1024, 768]",1520567380245
A29EL77Y1V21Q7:37Z929RLG98BB0AEIAPL3YA8FIEST9,focus,2324,off,1520567382569
A29EL77Y1V21Q7:37Z929RLG98BB0AEIAPL3YA8FIEST9,focus,92930,on,1520567475499
A29EL77Y1V21Q7:39L1G8WVWQR6IZDQQC4APKJ1VDV13C,initialized,0,,1520450446383
A29EL77Y1V21Q7:39L1G8WVWQR6IZDQQC4APKJ1VDV13C,window_resize,0,"[1024, 768]",1520450446383
A29EL77Y1V21Q7:39L1G8WVWQR6IZDQQC4APKJ1VDV13C,window_resize,249,"[1024, 768]",1520450446632
A29EL77Y1V21Q7:39L1G8WVWQR6IZDQQC4APKJ1VDV13C,focus,3735,off,1520450450367
A29EL77Y1V21Q7:39L1G8WVWQR6IZDQQC4APKJ1VDV13C,focus,2932,on,1520450453299
A29EL77Y1V21Q7:39L1G8WVWQR6IZDQQC4APKJ1VDV13C,focus,219697,off,1520450672996
A29EL77Y1V21Q7:39L1G8WVWQR6IZDQQC4APKJ1VDV13C,focus,1300,on,1520450674296
A29EL77Y1V21Q7:39L1G8WVWQR6IZDQQC4APKJ1VDV13C,focus,47472,off,1520450721768
A29EL77Y1V21Q7:39L1G8WVWQR6IZDQQC4APKJ1VDV13C,focus,6774,on,1520450728542
A29EL77Y1V21Q7:39L1G8WVWQR6IZDQQC4APKJ1VDV13C,window_resize,4893,"[715, 768]",1520450733435
A29EL77Y1V21Q7:39L1G8WVWQR6IZDQQC4APKJ1VDV13C,window_resize,656,"[821, 768]",1520450734091
A29EL77Y1V21Q7:39L1G8WVWQR6IZDQQC4APKJ1VDV13C,focus,189774,off,1520450923865
A29EL77Y1V21Q7:39L1G8WVWQR6IZDQQC4APKJ1VDV13C,focus,4097,on,1520450927962
A29EL77Y1V21Q7:39L1G8WVWQR6IZDQQC4APKJ1VDV13C,focus,5049,off,1520450933011
A29EL77Y1V21Q7:39L1G8WVWQR6IZDQQC4APKJ1VDV13C,focus,10069,on,1520450943080
A29EL77Y1V21Q7:39L1G8WVWQR6IZDQQC4APKJ1VDV13C,focus,13283,off,1520450956363
A29EL77Y1V21Q7:39L1G8WVWQR6IZDQQC4APKJ1VDV13C,focus,11905,on,1520450968268
A29GNU19VJN3Q6:33PPO7FECVFF0XBLR8VSUSMZ3TEDIZ,initialized,0,,1520460402420
A29GNU19VJN3Q6:33PPO7FECVFF0XBLR8VSUSMZ3TEDIZ,window_resize,1,"[1024, 721]",1520460402421
A29GNU19VJN3Q6:33PPO7FECVFF0XBLR8VSUSMZ3TEDIZ,window_resize,506,"[1024, 721]",1520460402927
A29GNU19VJN3Q6:3HFNH7HEMHEVTF9V66199FGI7YJQG3,initialized,0,,1520536613442
A29GNU19VJN3Q6:3HFNH7HEMHEVTF9V66199FGI7YJQG3,window_resize,0,"[1024, 721]",1520536613442
A29GNU19VJN3Q6:3HFNH7HEMHEVTF9V66199FGI7YJQG3,window_resize,430,"[1024, 721]",1520536613872
A29GNU19VJN3Q6:3HFNH7HEMHEVTF9V66199FGI7YJQG3,window_resize,110877,"[1366, 717]",1520536724749
A29GNU19VJN3Q6:3HFNH7HEMHEVTF9V66199FGI7YJQG3,window_resize,3873,"[1024, 721]",1520536728622
A29GNU19VJN3Q6:3HFNH7HEMHEVTF9V66199FGI7YJQG3,window_resize,30364,"[1366, 717]",1520536758986
A29XOZWPN4AQDV:39RP059MEHT8HJ3SYR2ERV5GHGPBM7,initialized,0,,1520442484114
A29XOZWPN4AQDV:39RP059MEHT8HJ3SYR2ERV5GHGPBM7,window_resize,0,"[1024, 768]",1520442484114
A29XOZWPN4AQDV:39RP059MEHT8HJ3SYR2ERV5GHGPBM7,window_resize,282,"[1024, 768]",1520442484396
A29XOZWPN4AQDV:39RP059MEHT8HJ3SYR2ERV5GHGPBM7,focus,93509,off,1520442577905
A29XOZWPN4AQDV:39RP059MEHT8HJ3SYR2ERV5GHGPBM7,focus,52,on,1520442577957
A29XOZWPN4AQDV:3P4RDNWND56S3JBD14H3XQHC8G9JIN,initialized,0,,1520532153723
A29XOZWPN4AQDV:3P4RDNWND56S3JBD14H3XQHC8G9JIN,window_resize,0,"[1024, 768]",1520532153723
A29XOZWPN4AQDV:3P4RDNWND56S3JBD14H3XQHC8G9JIN,window_resize,268,"[1024, 768]",1520532153991
A2A2PCKG5Q3U2G:3I02618YA06TYL9BQYB1DPRZBEDPUK,initialized,0,,1520618090332
A2A2PCKG5Q3U2G:3I02618YA06TYL9BQYB1DPRZBEDPUK,window_resize,0,"[1229, 620]",1520618090332
A2A2PCKG5Q3U2G:3I02618YA06TYL9BQYB1DPRZBEDPUK,window_resize,284,"[1229, 620]",1520618090616
A2A2PCKG5Q3U2G:3I02618YA06TYL9BQYB1DPRZBEDPUK,focus,25252,off,1520618115868
A2A2PCKG5Q3U2G:3I02618YA06TYL9BQYB1DPRZBEDPUK,focus,2,on,1520618115870
A2A2PCKG5Q3U2G:3I02618YA06TYL9BQYB1DPRZBEDPUK,focus,85954,off,1520618201824
A2A2PCKG5Q3U2G:3I02618YA06TYL9BQYB1DPRZBEDPUK,focus,5871,on,1520618207695
A2A2PCKG5Q3U2G:3I02618YA06TYL9BQYB1DPRZBEDPUK,focus,3087,off,1520618210782
A2A2PCKG5Q3U2G:3I02618YA06TYL9BQYB1DPRZBEDPUK,focus,3317,on,1520618214099
A2A2PCKG5Q3U2G:3I02618YA06TYL9BQYB1DPRZBEDPUK,focus,17397,off,1520618231496
A2A2PCKG5Q3U2G:3I02618YA06TYL9BQYB1DPRZBEDPUK,focus,9844,on,1520618241340
A2COAUZ1TISD2Q:36TFCYNS44AT285ICQEJONOCJ5NXHI,initialized,0,,1520617917477
A2COAUZ1TISD2Q:36TFCYNS44AT285ICQEJONOCJ5NXHI,window_resize,0,"[1024, 768]",1520617917477
A2COAUZ1TISD2Q:36TFCYNS44AT285ICQEJONOCJ5NXHI,window_resize,496,"[1024, 768]",1520617917973
A2COAUZ1TISD2Q:36TFCYNS44AT285ICQEJONOCJ5NXHI,window_resize,17132,"[1920, 990]",1520617935105
A2ECXGDFC0NJEL:37W3JXSD6680Z3QHCLML84580ZTYWO,initialized,0,,1520618400698
A2ECXGDFC0NJEL:37W3JXSD6680Z3QHCLML84580ZTYWO,window_resize,0,"[1024, 768]",1520618400698
A2ECXGDFC0NJEL:37W3JXSD6680Z3QHCLML84580ZTYWO,window_resize,346,"[1024, 768]",1520618401044
A2FQ8LV896AJ20:3PIWWX1FJJ6OYUVJJM239RWCLZDJJM,initialized,0,,1520618081185
A2FQ8LV896AJ20:3PIWWX1FJJ6OYUVJJM239RWCLZDJJM,window_resize,0,"[1024, 768]",1520618081185
A2FQ8LV896AJ20:3PIWWX1FJJ6OYUVJJM239RWCLZDJJM,window_resize,266,"[1024, 768]",1520618081451
A2FQ8LV896AJ20:3PIWWX1FJJ6OYUVJJM239RWCLZDJJM,focus,47086,off,1520618128537
A2FQ8LV896AJ20:3PIWWX1FJJ6OYUVJJM239RWCLZDJJM,focus,32,on,1520618128569
A2H0I4FX8JHJDS:34BBWHLWHABE93BC830IMGBKA94WIB,initialized,0,,1520451481124
A2H0I4FX8JHJDS:34BBWHLWHABE93BC830IMGBKA94WIB,window_resize,0,"[1024, 714]",1520451481124
A2H0I4FX8JHJDS:34BBWHLWHABE93BC830IMGBKA94WIB,window_resize,349,"[1024, 714]",1520451481473
A2H0I4FX8JHJDS:34BBWHLWHABE93BC830IMGBKA94WIB,window_resize,24604,"[1366, 688]",1520451506077
A2H0I4FX8JHJDS:3LWJHTCVCCMPFFD0VMVRRUG66LGQF5,initialized,0,,1520561942669
A2H0I4FX8JHJDS:3LWJHTCVCCMPFFD0VMVRRUG66LGQF5,window_resize,0,"[1366, 688]",1520561942669
A2H0I4FX8JHJDS:3LWJHTCVCCMPFFD0VMVRRUG66LGQF5,window_resize,3217,"[1366, 688]",1520561945886
A2L73JKDFWI0KJ:3LO69W1SU3DK2ITIE1TDSTHOXW5GLL,initialized,0,,1520620408562
A2L73JKDFWI0KJ:3LO69W1SU3DK2ITIE1TDSTHOXW5GLL,window_resize,0,"[1023, 652]",1520620408562
A2L73JKDFWI0KJ:3LO69W1SU3DK2ITIE1TDSTHOXW5GLL,focus,134,on,1520620408696
A2L73JKDFWI0KJ:3LO69W1SU3DK2ITIE1TDSTHOXW5GLL,window_resize,191,"[1023, 652]",1520620408887
A2L73JKDFWI0KJ:3LO69W1SU3DK2ITIE1TDSTHOXW5GLL,window_resize,12277,"[1366, 669]",1520620421164
A2L73JKDFWI0KJ:3LO69W1SU3DK2ITIE1TDSTHOXW5GLL,focus,442017,off,1520620863181
A2L73JKDFWI0KJ:3LO69W1SU3DK2ITIE1TDSTHOXW5GLL,focus,8191,on,1520620871372
A2L73JKDFWI0KJ:3LO69W1SU3DK2ITIE1TDSTHOXW5GLL,focus,9830,off,1520620881202
A2L73JKDFWI0KJ:3LO69W1SU3DK2ITIE1TDSTHOXW5GLL,focus,5394,on,1520620886596
A2L73JKDFWI0KJ:3LO69W1SU3DK2ITIE1TDSTHOXW5GLL,focus,2690,off,1520620889286
A2L73JKDFWI0KJ:3LO69W1SU3DK2ITIE1TDSTHOXW5GLL,focus,14855,on,1520620904141
A2LSWV5HVILUWB:32EYX73OY09EAYPQ3QFQIKRECTOURY,initialized,0,,1520543768881
A2LSWV5HVILUWB:32EYX73OY09EAYPQ3QFQIKRECTOURY,window_resize,1,"[1008, 652]",1520543768882
A2LSWV5HVILUWB:32EYX73OY09EAYPQ3QFQIKRECTOURY,focus,113,on,1520543768995
A2LSWV5HVILUWB:32EYX73OY09EAYPQ3QFQIKRECTOURY,window_resize,203,"[1008, 652]",1520543769198
A2LSWV5HVILUWB:3F6HPJW4JD0AYIXAJ0FQZ043LDY2WX,initialized,0,,1520467875844
A2LSWV5HVILUWB:3F6HPJW4JD0AYIXAJ0FQZ043LDY2WX,window_resize,0,"[1008, 652]",1520467875844
A2LSWV5HVILUWB:3F6HPJW4JD0AYIXAJ0FQZ043LDY2WX,window_resize,289,"[1008, 652]",1520467876133
A2MHF5UTV5RFMZ:30ZX6P7VF8VOSYXBC1WBAAAVJONJ2V,initialized,0,,1520616415777
A2MHF5UTV5RFMZ:30ZX6P7VF8VOSYXBC1WBAAAVJONJ2V,window_resize,0,"[1024, 658]",1520616415777
A2MHF5UTV5RFMZ:30ZX6P7VF8VOSYXBC1WBAAAVJONJ2V,window_resize,258,"[1024, 658]",1520616416035
A2MHF5UTV5RFMZ:30ZX6P7VF8VOSYXBC1WBAAAVJONJ2V,window_resize,5099,"[824, 658]",1520616421134
A2MHF5UTV5RFMZ:30ZX6P7VF8VOSYXBC1WBAAAVJONJ2V,window_resize,2673,"[886, 658]",1520616423807
A2MHF5UTV5RFMZ:30ZX6P7VF8VOSYXBC1WBAAAVJONJ2V,window_resize,6000,"[807, 658]",1520616429807
A2MHF5UTV5RFMZ:30ZX6P7VF8VOSYXBC1WBAAAVJONJ2V,window_resize,210,"[808, 658]",1520616430017
A2MHF5UTV5RFMZ:30ZX6P7VF8VOSYXBC1WBAAAVJONJ2V,window_resize,289,"[812, 658]",1520616430306
A2MHF5UTV5RFMZ:30ZX6P7VF8VOSYXBC1WBAAAVJONJ2V,window_resize,558,"[825, 658]",1520616430864
A2MHF5UTV5RFMZ:30ZX6P7VF8VOSYXBC1WBAAAVJONJ2V,window_resize,772,"[830, 658]",1520616431636
A2MHF5UTV5RFMZ:30ZX6P7VF8VOSYXBC1WBAAAVJONJ2V,focus,23211,off,1520616454847
A2MHF5UTV5RFMZ:30ZX6P7VF8VOSYXBC1WBAAAVJONJ2V,focus,4310,on,1520616459157
A2MHF5UTV5RFMZ:30ZX6P7VF8VOSYXBC1WBAAAVJONJ2V,focus,85583,off,1520616544740
A2MHF5UTV5RFMZ:30ZX6P7VF8VOSYXBC1WBAAAVJONJ2V,focus,4728,on,1520616549468
A2MHF5UTV5RFMZ:30ZX6P7VF8VOSYXBC1WBAAAVJONJ2V,focus,66344,off,1520616615812
A2MHF5UTV5RFMZ:30ZX6P7VF8VOSYXBC1WBAAAVJONJ2V,focus,3856,on,1520616619668
A2MHF5UTV5RFMZ:30ZX6P7VF8VOSYXBC1WBAAAVJONJ2V,focus,73861,off,1520616693529
A2MHF5UTV5RFMZ:30ZX6P7VF8VOSYXBC1WBAAAVJONJ2V,focus,3925,on,1520616697454
A2R6RDZ07V4KWB:354GIDR5ZB6AUITBB6IR9H2KNHZ00N,initialized,0,,1520618399621
A2R6RDZ07V4KWB:354GIDR5ZB6AUITBB6IR9H2KNHZ00N,window_resize,0,"[1024, 768]",1520618399621
A2R6RDZ07V4KWB:354GIDR5ZB6AUITBB6IR9H2KNHZ00N,window_resize,265,"[1024, 768]",1520618399886
A2R6RDZ07V4KWB:354GIDR5ZB6AUITBB6IR9H2KNHZ00N,focus,21069,off,1520618420955
A2R6RDZ07V4KWB:354GIDR5ZB6AUITBB6IR9H2KNHZ00N,focus,8838,on,1520618429793
A2TCX20FIMNWSS:39GXDJN2OTE858ZU97JVNPYS04C8VK,initialized,0,,1520459352194
A2TCX20FIMNWSS:39GXDJN2OTE858ZU97JVNPYS04C8VK,window_resize,0,"[1280, 630]",1520459352194
A2TCX20FIMNWSS:39GXDJN2OTE858ZU97JVNPYS04C8VK,window_resize,274,"[1280, 630]",1520459352468
A2TCX20FIMNWSS:39GXDJN2OTE858ZU97JVNPYS04C8VK,focus,119067,off,1520459471535
A2TCX20FIMNWSS:39GXDJN2OTE858ZU97JVNPYS04C8VK,focus,30346,on,1520459501881
A2TCX20FIMNWSS:39GXDJN2OTE858ZU97JVNPYS04C8VK,focus,137,off,1520459502018
A2TCX20FIMNWSS:39GXDJN2OTE858ZU97JVNPYS04C8VK,focus,30440,on,1520459532458
A2TCX20FIMNWSS:3X73LLYYQ1EOQEREAKRAQLXEHO1HN0,initialized,0,,1520545868988
A2TCX20FIMNWSS:3X73LLYYQ1EOQEREAKRAQLXEHO1HN0,window_resize,0,"[1280, 630]",1520545868988
A2TCX20FIMNWSS:3X73LLYYQ1EOQEREAKRAQLXEHO1HN0,window_resize,275,"[1280, 630]",1520545869263
A2TCX20FIMNWSS:3X73LLYYQ1EOQEREAKRAQLXEHO1HN0,focus,57594,off,1520545926857
A2TCX20FIMNWSS:3X73LLYYQ1EOQEREAKRAQLXEHO1HN0,focus,2789,on,1520545929646
A2TCX20FIMNWSS:3X73LLYYQ1EOQEREAKRAQLXEHO1HN0,focus,891396,off,1520546821042
A2TCX20FIMNWSS:3X73LLYYQ1EOQEREAKRAQLXEHO1HN0,focus,46429,on,1520546867471
A2UOJVCT74AZ9S:3TXMY6UCAEOIC3TQ4K5QJOV39ASCQO,initialized,0,,1520616410544
A2UOJVCT74AZ9S:3TXMY6UCAEOIC3TQ4K5QJOV39ASCQO,window_resize,0,"[1366, 677]",1520616410544
A2UOJVCT74AZ9S:3TXMY6UCAEOIC3TQ4K5QJOV39ASCQO,window_resize,375,"[1366, 677]",1520616410919
A2W8XV3TQEJK7G:3IOEN3P9S7J5FI089E28WNVL5CS16T,initialized,0,,1520617758205
A2W8XV3TQEJK7G:3IOEN3P9S7J5FI089E28WNVL5CS16T,window_resize,0,"[1026, 776]",1520617758205
A2W8XV3TQEJK7G:3IOEN3P9S7J5FI089E28WNVL5CS16T,window_resize,264,"[1026, 776]",1520617758469
A2W8XV3TQEJK7G:3IOEN3P9S7J5FI089E28WNVL5CS16T,window_resize,26246,"[1026, 847]",1520617784715
A301GGK0MOB5QD:3NPI0JQDAO5EY8UMQTLR8T5XS06PTT,initialized,0,,1520617110224
A301GGK0MOB5QD:3NPI0JQDAO5EY8UMQTLR8T5XS06PTT,window_resize,1,"[1024, 617]",1520617110225
A301GGK0MOB5QD:3NPI0JQDAO5EY8UMQTLR8T5XS06PTT,focus,94,on,1520617110319
A301GGK0MOB5QD:3NPI0JQDAO5EY8UMQTLR8T5XS06PTT,window_resize,197,"[1024, 617]",1520617110516
A301GGK0MOB5QD:3NPI0JQDAO5EY8UMQTLR8T5XS06PTT,window_resize,162673,"[1366, 731]",1520617273189
A31DI99CWPTJBK:3FTYUGLFSUL3O9G6KOCY5JIUYEH5D4,initialized,0,,1520616445944
A31DI99CWPTJBK:3FTYUGLFSUL3O9G6KOCY5JIUYEH5D4,window_resize,0,"[1028, 778]",1520616445944
A31DI99CWPTJBK:3FTYUGLFSUL3O9G6KOCY5JIUYEH5D4,window_resize,252,"[1028, 778]",1520616446196
A36UZHVNGAP6R6:37Q970SNZE8A2GY5GR5BXSRDNX7S1G,initialized,0,,1520529618821
A36UZHVNGAP6R6:37Q970SNZE8A2GY5GR5BXSRDNX7S1G,window_resize,0,"[1024, 768]",1520529618821
A36UZHVNGAP6R6:37Q970SNZE8A2GY5GR5BXSRDNX7S1G,window_resize,280,"[1024, 768]",1520529619101
A36UZHVNGAP6R6:37Q970SNZE8A2GY5GR5BXSRDNX7S1G,focus,52150,off,1520529671251
A36UZHVNGAP6R6:37Q970SNZE8A2GY5GR5BXSRDNX7S1G,focus,0,on,1520529671251
A36UZHVNGAP6R6:3L70J4KAZGM0UFSNFK3FDUYGQKCADT,initialized,0,,1520441767892
A36UZHVNGAP6R6:3L70J4KAZGM0UFSNFK3FDUYGQKCADT,window_resize,0,"[1024, 768]",1520441767892
A36UZHVNGAP6R6:3L70J4KAZGM0UFSNFK3FDUYGQKCADT,window_resize,278,"[1024, 768]",1520441768170
A36UZHVNGAP6R6:3L70J4KAZGM0UFSNFK3FDUYGQKCADT,focus,52507,off,1520441820677
A36UZHVNGAP6R6:3L70J4KAZGM0UFSNFK3FDUYGQKCADT,focus,2654,on,1520441823331
A39PWM9C4U0TEP:345LHZDEDXSMRW4OS0EU0MOY6EAU3U,initialized,0,,1520532345992
A39PWM9C4U0TEP:345LHZDEDXSMRW4OS0EU0MOY6EAU3U,window_resize,0,"[1024, 768]",1520532345992
A39PWM9C4U0TEP:345LHZDEDXSMRW4OS0EU0MOY6EAU3U,window_resize,286,"[1024, 768]",1520532346278
A39PWM9C4U0TEP:3QILPRALQ5VVX3QL7GX4D84FE0E8N5,initialized,0,,1520441796708
A39PWM9C4U0TEP:3QILPRALQ5VVX3QL7GX4D84FE0E8N5,window_resize,0,"[1024, 768]",1520441796708
A39PWM9C4U0TEP:3QILPRALQ5VVX3QL7GX4D84FE0E8N5,window_resize,320,"[1024, 768]",1520441797028
A39PWM9C4U0TEP:3QILPRALQ5VVX3QL7GX4D84FE0E8N5,focus,13803,off,1520441810831
A39PWM9C4U0TEP:3QILPRALQ5VVX3QL7GX4D84FE0E8N5,focus,1847,on,1520441812678
A3BYZCQXVT3P7:3KXIR214I4GYPGEQ9U9748LC1JT425,initialized,0,,1520442900338
A3BYZCQXVT3P7:3KXIR214I4GYPGEQ9U9748LC1JT425,window_resize,0,"[1024, 721]",1520442900338
A3BYZCQXVT3P7:3KXIR214I4GYPGEQ9U9748LC1JT425,window_resize,264,"[1024, 721]",1520442900602
A3BYZCQXVT3P7:3KXIR214I4GYPGEQ9U9748LC1JT425,window_resize,20906,"[1366, 677]",1520442921508
A3C0NQ2IP5FTZQ:3R3YRB5GRF3MBH391FT4NU24CPDUA3,initialized,0,,1520552935163
A3C0NQ2IP5FTZQ:3R3YRB5GRF3MBH391FT4NU24CPDUA3,window_resize,0,"[1920, 983]",1520552935163
A3C0NQ2IP5FTZQ:3R3YRB5GRF3MBH391FT4NU24CPDUA3,window_resize,238,"[1920, 983]",1520552935401
A3C0NQ2IP5FTZQ:3ZAZR5XV01IRQVUHRGO3AH77E66ZCK,initialized,0,,1520466472526
A3C0NQ2IP5FTZQ:3ZAZR5XV01IRQVUHRGO3AH77E66ZCK,window_resize,0,"[1920, 983]",1520466472526
A3C0NQ2IP5FTZQ:3ZAZR5XV01IRQVUHRGO3AH77E66ZCK,window_resize,1297,"[1920, 983]",1520466473823
A3C0NQ2IP5FTZQ:3ZAZR5XV01IRQVUHRGO3AH77E66ZCK,focus,4937,on,1520466478760
A3C0NQ2IP5FTZQ:3ZAZR5XV01IRQVUHRGO3AH77E66ZCK,focus,23475,off,1520466502235
A3C0NQ2IP5FTZQ:3ZAZR5XV01IRQVUHRGO3AH77E66ZCK,focus,935,on,1520466503170
A3C0NQ2IP5FTZQ:3ZAZR5XV01IRQVUHRGO3AH77E66ZCK,focus,248256,off,1520466751426
A3C0NQ2IP5FTZQ:3ZAZR5XV01IRQVUHRGO3AH77E66ZCK,focus,3041,on,1520466754467
A3CZNVRAVL2Z6U:34BBWHLWHABE93BC830IMGBKAELIWO,initialized,0,,1520560234202
A3CZNVRAVL2Z6U:34BBWHLWHABE93BC830IMGBKAELIWO,window_resize,0,"[1028, 778]",1520560234202
A3CZNVRAVL2Z6U:34BBWHLWHABE93BC830IMGBKAELIWO,window_resize,273,"[1028, 778]",1520560234475
A3CZNVRAVL2Z6U:34BBWHLWHABE93BC830IMGBKAELIWO,focus,675990,off,1520560910465
A3CZNVRAVL2Z6U:34BBWHLWHABE93BC830IMGBKAELIWO,focus,16349,on,1520560926814
A3CZNVRAVL2Z6U:3WI0P0II61SSTWE4HVP18KNQQPYRDI,initialized,0,,1520461764998
A3CZNVRAVL2Z6U:3WI0P0II61SSTWE4HVP18KNQQPYRDI,window_resize,1,"[1028, 778]",1520461764999
A3CZNVRAVL2Z6U:3WI0P0II61SSTWE4HVP18KNQQPYRDI,window_resize,236,"[1028, 778]",1520461765235
A3EIVR2LS7CCWB:39N5ACM9HENVETL8SNGAHT4LYLX9PR,initialized,0,,1520441469922
A3EIVR2LS7CCWB:39N5ACM9HENVETL8SNGAHT4LYLX9PR,window_resize,0,"[1024, 721]",1520441469922
A3EIVR2LS7CCWB:39N5ACM9HENVETL8SNGAHT4LYLX9PR,window_resize,297,"[1024, 721]",1520441470219
A3EIVR2LS7CCWB:39N5ACM9HENVETL8SNGAHT4LYLX9PR,window_resize,154501,"[1366, 677]",1520441624720
A3EIVR2LS7CCWB:39N5ACM9HENVETL8SNGAHT4LYLX9PR,window_resize,2916,"[1024, 721]",1520441627636
A3EIVR2LS7CCWB:39N5ACM9HENVETL8SNGAHT4LYLX9PR,focus,2589,off,1520441630225
A3EIVR2LS7CCWB:39N5ACM9HENVETL8SNGAHT4LYLX9PR,focus,3090,on,1520441633315
A3EIVR2LS7CCWB:3SPJ0334213ETJQI5M36JEB0YZ9YJA,initialized,0,,1520533927669
A3EIVR2LS7CCWB:3SPJ0334213ETJQI5M36JEB0YZ9YJA,window_resize,0,"[1024, 721]",1520533927669
A3EIVR2LS7CCWB:3SPJ0334213ETJQI5M36JEB0YZ9YJA,window_resize,280,"[1024, 721]",1520533927949
A3EIVR2LS7CCWB:3SPJ0334213ETJQI5M36JEB0YZ9YJA,window_resize,766532,"[1024, 629]",1520534694481
A3FOL78K2EQYVN:3OS4RQUCR9F2B9BBC4Y1W5L7KNJFBQ,initialized,0,,1520617773530
A3FOL78K2EQYVN:3OS4RQUCR9F2B9BBC4Y1W5L7KNJFBQ,window_resize,0,"[1037, 804]",1520617773530
A3FOL78K2EQYVN:3OS4RQUCR9F2B9BBC4Y1W5L7KNJFBQ,window_resize,295,"[1037, 804]",1520617773825
A3FOL78K2EQYVN:3OS4RQUCR9F2B9BBC4Y1W5L7KNJFBQ,window_resize,129663,"[1037, 804]",1520617903488
A3KA3A3M7LPMPA:3DI28L7YXAE9SXTNFWL68BNYM721EU,initialized,0,,1520543967459
A3KA3A3M7LPMPA:3DI28L7YXAE9SXTNFWL68BNYM721EU,window_resize,0,"[934, 708]",1520543967459
A3KA3A3M7LPMPA:3DI28L7YXAE9SXTNFWL68BNYM721EU,window_resize,291,"[934, 708]",1520543967750
A3KA3A3M7LPMPA:3DI28L7YXAE9SXTNFWL68BNYM721EU,focus,39838,off,1520544007588
A3KA3A3M7LPMPA:3DI28L7YXAE9SXTNFWL68BNYM721EU,focus,0,on,1520544007588
A3KA3A3M7LPMPA:3DI28L7YXAE9SXTNFWL68BNYM721EU,focus,0,off,1520544007588
A3KA3A3M7LPMPA:3DI28L7YXAE9SXTNFWL68BNYM721EU,focus,0,on,1520544007588
A3KA3A3M7LPMPA:3DI28L7YXAE9SXTNFWL68BNYM721EU,focus,0,off,1520544007588
A3KA3A3M7LPMPA:3DI28L7YXAE9SXTNFWL68BNYM721EU,focus,1,on,1520544007589
A3KA3A3M7LPMPA:3DI28L7YXAE9SXTNFWL68BNYM721EU,focus,0,off,1520544007589
A3KA3A3M7LPMPA:3DI28L7YXAE9SXTNFWL68BNYM721EU,focus,3594,on,1520544011183
A3KA3A3M7LPMPA:3DI28L7YXAE9SXTNFWL68BNYM721EU,focus,912,off,1520544012095
A3KA3A3M7LPMPA:3DI28L7YXAE9SXTNFWL68BNYM721EU,focus,3336,on,1520544015431
A3KA3A3M7LPMPA:3DI28L7YXAE9SXTNFWL68BNYM721EU,window_resize,73462,"[1396, 703]",1520544088893
A3KA3A3M7LPMPA:3DI28L7YXAE9SXTNFWL68BNYM721EU,window_resize,2335,"[934, 708]",1520544091228
A3KA3A3M7LPMPA:3HMVI3QICJS7Y2AEFXX0FEFE4FX1YR,initialized,0,,1520452825862
A3KA3A3M7LPMPA:3HMVI3QICJS7Y2AEFXX0FEFE4FX1YR,window_resize,0,"[934, 708]",1520452825862
A3KA3A3M7LPMPA:3HMVI3QICJS7Y2AEFXX0FEFE4FX1YR,window_resize,301,"[934, 708]",1520452826163
A3KA3A3M7LPMPA:3HMVI3QICJS7Y2AEFXX0FEFE4FX1YR,focus,20902,off,1520452847065
A3KA3A3M7LPMPA:3HMVI3QICJS7Y2AEFXX0FEFE4FX1YR,focus,2845,on,1520452849910
A3KA3A3M7LPMPA:3HMVI3QICJS7Y2AEFXX0FEFE4FX1YR,focus,432085,off,1520453281995
A3KA3A3M7LPMPA:3HMVI3QICJS7Y2AEFXX0FEFE4FX1YR,focus,25816,on,1520453307811
A3O4TI9D8EPCL7:3SB4CE2TJVVESLX46K4R711863MXAI,initialized,0,,1520472363685
A3O4TI9D8EPCL7:3SB4CE2TJVVESLX46K4R711863MXAI,window_resize,1,"[1024, 721]",1520472363686
A3O4TI9D8EPCL7:3SB4CE2TJVVESLX46K4R711863MXAI,window_resize,273,"[1024, 721]",1520472363959
A3O4TI9D8EPCL7:3YGXWBAF70HBNY6S6NYDGLUYDF2C4S,initialized,0,,1520556566872
A3O4TI9D8EPCL7:3YGXWBAF70HBNY6S6NYDGLUYDF2C4S,window_resize,1,"[1024, 721]",1520556566873
A3O4TI9D8EPCL7:3YGXWBAF70HBNY6S6NYDGLUYDF2C4S,window_resize,268,"[1024, 721]",1520556567141
A3O4TI9D8EPCL7:3YGXWBAF70HBNY6S6NYDGLUYDF2C4S,focus,152861,off,1520556720002
A3O4TI9D8EPCL7:3YGXWBAF70HBNY6S6NYDGLUYDF2C4S,focus,5826,on,1520556725828
A3O4TI9D8EPCL7:3YGXWBAF70HBNY6S6NYDGLUYDF2C4S,window_resize,8051,"[1366, 677]",1520556733879
A3Q8318E1DA0MJ:3ERMJ6L4DYSLF702LAQYMTJKYUWM72,initialized,0,,1520541958485
A3Q8318E1DA0MJ:3ERMJ6L4DYSLF702LAQYMTJKYUWM72,window_resize,0,"[1024, 768]",1520541958485
A3Q8318E1DA0MJ:3ERMJ6L4DYSLF702LAQYMTJKYUWM72,window_resize,395,"[1024, 768]",1520541958880
A3Q8318E1DA0MJ:3ERMJ6L4DYSLF702LAQYMTJKYUWM72,focus,22325,off,1520541981205
A3Q8318E1DA0MJ:3ERMJ6L4DYSLF702LAQYMTJKYUWM72,focus,21791,on,1520542002996
A3Q8318E1DA0MJ:3YJ6NA41JBGKK5YHEZ7N6NIOUR7JPW,initialized,0,,1520461505016
A3Q8318E1DA0MJ:3YJ6NA41JBGKK5YHEZ7N6NIOUR7JPW,window_resize,0,"[1024, 768]",1520461505016
A3Q8318E1DA0MJ:3YJ6NA41JBGKK5YHEZ7N6NIOUR7JPW,window_resize,416,"[1024, 768]",1520461505432
A3Q8318E1DA0MJ:3YJ6NA41JBGKK5YHEZ7N6NIOUR7JPW,focus,15601,off,1520461521033
A3Q8318E1DA0MJ:3YJ6NA41JBGKK5YHEZ7N6NIOUR7JPW,focus,27747,on,1520461548780
A3Q8318E1DA0MJ:3YJ6NA41JBGKK5YHEZ7N6NIOUR7JPW,focus,408620,off,1520461957400
A3Q8318E1DA0MJ:3YJ6NA41JBGKK5YHEZ7N6NIOUR7JPW,focus,6792,on,1520461964192
A3R8D4E2TKIZAB:3STRJBFXOWRDNHX6D1GJCCJYYNOKT5,initialized,0,,1520543895398
A3R8D4E2TKIZAB:3STRJBFXOWRDNHX6D1GJCCJYYNOKT5,window_resize,0,"[1024, 721]",1520543895398
A3R8D4E2TKIZAB:3STRJBFXOWRDNHX6D1GJCCJYYNOKT5,window_resize,277,"[1024, 721]",1520543895675
A3R8D4E2TKIZAB:3STRJBFXOWRDNHX6D1GJCCJYYNOKT5,focus,38816,off,1520543934491
A3R8D4E2TKIZAB:3STRJBFXOWRDNHX6D1GJCCJYYNOKT5,focus,0,on,1520543934491
A3R8D4E2TKIZAB:3STRJBFXOWRDNHX6D1GJCCJYYNOKT5,window_resize,241,"[1366, 717]",1520543934732
A3R8D4E2TKIZAB:3XIQGXAUMC8W9JZ6ZHS7XAZI5VB7XW,initialized,0,,1520456441005
A3R8D4E2TKIZAB:3XIQGXAUMC8W9JZ6ZHS7XAZI5VB7XW,window_resize,0,"[1024, 721]",1520456441005
A3R8D4E2TKIZAB:3XIQGXAUMC8W9JZ6ZHS7XAZI5VB7XW,window_resize,271,"[1024, 721]",1520456441276
A3R8D4E2TKIZAB:3XIQGXAUMC8W9JZ6ZHS7XAZI5VB7XW,focus,24849,off,1520456466125
A3R8D4E2TKIZAB:3XIQGXAUMC8W9JZ6ZHS7XAZI5VB7XW,focus,33572,on,1520456499697
A3R8D4E2TKIZAB:3XIQGXAUMC8W9JZ6ZHS7XAZI5VB7XW,window_resize,97586,"[1366, 717]",1520456597283
A3S2R1NK6HZ9KP:340UGXU9DY163567CAK0JHGHXU7UVN,initialized,0,,1520441335292
A3S2R1NK6HZ9KP:340UGXU9DY163567CAK0JHGHXU7UVN,window_resize,0,"[1024, 768]",1520441335292
A3S2R1NK6HZ9KP:340UGXU9DY163567CAK0JHGHXU7UVN,window_resize,687,"[1024, 768]",1520441335979
A3S2R1NK6HZ9KP:3E4GGUZ1T8RJ3I3TUMWNBPA8Y9DK2D,initialized,0,,1520532729589
A3S2R1NK6HZ9KP:3E4GGUZ1T8RJ3I3TUMWNBPA8Y9DK2D,window_resize,0,"[1024, 768]",1520532729589
A3S2R1NK6HZ9KP:3E4GGUZ1T8RJ3I3TUMWNBPA8Y9DK2D,window_resize,587,"[1024, 768]",1520532730176
A4D6VUZ9Q850U:33NF62TLXJ2J9E11172FA6WP0KYJKY,initialized,0,,1520532275353
A4D6VUZ9Q850U:33NF62TLXJ2J9E11172FA6WP0KYJKY,window_resize,0,"[1028, 778]",1520532275353
A4D6VUZ9Q850U:33NF62TLXJ2J9E11172FA6WP0KYJKY,window_resize,621,"[1028, 778]",1520532275974
A4D6VUZ9Q850U:33NF62TLXJ2J9E11172FA6WP0KYJKY,focus,217644,off,1520532493618
A4D6VUZ9Q850U:33NF62TLXJ2J9E11172FA6WP0KYJKY,focus,12809,on,1520532506427
A4D6VUZ9Q850U:33NF62TLXJ2J9E11172FA6WP0KYJKY,focus,150729,off,1520532657156
A4D6VUZ9Q850U:33NF62TLXJ2J9E11172FA6WP0KYJKY,focus,6901,on,1520532664057
A4D6VUZ9Q850U:3DQQ64TANGL6QPYGLYQ2VDCWWNGWP4,initialized,0,,1520462441325
A4D6VUZ9Q850U:3DQQ64TANGL6QPYGLYQ2VDCWWNGWP4,window_resize,0,"[1024, 721]",1520462441325
A4D6VUZ9Q850U:3DQQ64TANGL6QPYGLYQ2VDCWWNGWP4,window_resize,304,"[1024, 721]",1520462441629
A4WWDQD2IDGPQE:34BBWHLWHABE93BC830IMGBKACDIWC,initialized,0,,1520529425853
A4WWDQD2IDGPQE:34BBWHLWHABE93BC830IMGBKACDIWC,window_resize,0,"[974, 926]",1520529425853
A4WWDQD2IDGPQE:34BBWHLWHABE93BC830IMGBKACDIWC,window_resize,332,"[974, 926]",1520529426185
A4WWDQD2IDGPQE:34BBWHLWHABE93BC830IMGBKACDIWC,window_resize,203206,"[1024, 768]",1520529629391
A4WWDQD2IDGPQE:34BBWHLWHABE93BC830IMGBKACDIWC,focus,107224,off,1520529736615
A4WWDQD2IDGPQE:34BBWHLWHABE93BC830IMGBKACDIWC,focus,13730,on,1520529750345
A4WWDQD2IDGPQE:38BQUHLA9W0S0DS12W70XF5FOF7MOL,initialized,0,,1520441285448
A4WWDQD2IDGPQE:38BQUHLA9W0S0DS12W70XF5FOF7MOL,window_resize,0,"[1024, 768]",1520441285448
A4WWDQD2IDGPQE:38BQUHLA9W0S0DS12W70XF5FOF7MOL,focus,130,off,1520441285578
A4WWDQD2IDGPQE:38BQUHLA9W0S0DS12W70XF5FOF7MOL,window_resize,192,"[1024, 768]",1520441285770
A4WWDQD2IDGPQE:38BQUHLA9W0S0DS12W70XF5FOF7MOL,focus,29588,on,1520441315358
A4WWDQD2IDGPQE:38BQUHLA9W0S0DS12W70XF5FOF7MOL,focus,32962,off,1520441348320
A4WWDQD2IDGPQE:38BQUHLA9W0S0DS12W70XF5FOF7MOL,focus,20170,on,1520441368490
A4WWDQD2IDGPQE:38BQUHLA9W0S0DS12W70XF5FOF7MOL,focus,43595,off,1520441412085
A4WWDQD2IDGPQE:38BQUHLA9W0S0DS12W70XF5FOF7MOL,focus,27327,on,1520441439412
A4WWDQD2IDGPQE:38BQUHLA9W0S0DS12W70XF5FOF7MOL,focus,2382,off,1520441441794
A4WWDQD2IDGPQE:38BQUHLA9W0S0DS12W70XF5FOF7MOL,focus,5188,on,1520441446982
A4WWDQD2IDGPQE:38BQUHLA9W0S0DS12W70XF5FOF7MOL,focus,115160,off,1520441562142
A4WWDQD2IDGPQE:38BQUHLA9W0S0DS12W70XF5FOF7MOL,focus,9679,on,1520441571821
A5AE9J3GO18XHA:38F5OAUN5NCZNTZRUDALUOBOHC57HU,initialized,0,,1520616357675
A5AE9J3GO18XHA:38F5OAUN5NCZNTZRUDALUOBOHC57HU,window_resize,0,"[1024, 768]",1520616357675
A5AE9J3GO18XHA:38F5OAUN5NCZNTZRUDALUOBOHC57HU,window_resize,313,"[1024, 768]",1520616357988
A5AE9J3GO18XHA:38F5OAUN5NCZNTZRUDALUOBOHC57HU,window_resize,272673,"[1024, 768]",1520616630661
A5AE9J3GO18XHA:38F5OAUN5NCZNTZRUDALUOBOHC57HU,focus,19546,off,1520616650207
A5AE9J3GO18XHA:38F5OAUN5NCZNTZRUDALUOBOHC57HU,focus,3160,on,1520616653367
A5AE9J3GO18XHA:38F5OAUN5NCZNTZRUDALUOBOHC57HU,focus,143362,off,1520616796729
A5AE9J3GO18XHA:38F5OAUN5NCZNTZRUDALUOBOHC57HU,focus,10763,on,1520616807492
A5AE9J3GO18XHA:38F5OAUN5NCZNTZRUDALUOBOHC57HU,focus,22673,off,1520616830165
A5AE9J3GO18XHA:38F5OAUN5NCZNTZRUDALUOBOHC57HU,focus,26187,on,1520616856352
A7204W9E8IR1R:31JLPPHS2UURERKRWE2L1GW9OOW3OS,initialized,0,,1520444498426
A7204W9E8IR1R:31JLPPHS2UURERKRWE2L1GW9OOW3OS,window_resize,0,"[1024, 721]",1520444498426
A7204W9E8IR1R:31JLPPHS2UURERKRWE2L1GW9OOW3OS,window_resize,416,"[1024, 721]",1520444498842
A7204W9E8IR1R:31JLPPHS2UURERKRWE2L1GW9OOW3OS,focus,44786,off,1520444543628
A7204W9E8IR1R:31JLPPHS2UURERKRWE2L1GW9OOW3OS,focus,37,on,1520444543665
A7204W9E8IR1R:31JLPPHS2UURERKRWE2L1GW9OOW3OS,window_resize,196936,"[1298, 717]",1520444740601
A7204W9E8IR1R:3TS1AR6UQQEF9X8LZNMLR3ZB1THF7L,initialized,0,,1520531977469
A7204W9E8IR1R:3TS1AR6UQQEF9X8LZNMLR3ZB1THF7L,window_resize,0,"[1298, 717]",1520531977469
A7204W9E8IR1R:3TS1AR6UQQEF9X8LZNMLR3ZB1THF7L,window_resize,319,"[1298, 717]",1520531977788
AAXVPAK0I9PT6:3TUI152ZZBNYP0JSONG62SCC55UQ1P,initialized,0,,1520441425290
AAXVPAK0I9PT6:3TUI152ZZBNYP0JSONG62SCC55UQ1P,window_resize,0,"[1024, 656]",1520441425290
AAXVPAK0I9PT6:3TUI152ZZBNYP0JSONG62SCC55UQ1P,window_resize,280,"[1024, 656]",1520441425570
AEJKD2E3MQKW5:3RANCT1ZVFHRUR817TT0I5MAU3LUBD,initialized,0,,1520456836947
AEJKD2E3MQKW5:3RANCT1ZVFHRUR817TT0I5MAU3LUBD,window_resize,0,"[1366, 668]",1520456836947
AEJKD2E3MQKW5:3RANCT1ZVFHRUR817TT0I5MAU3LUBD,focus,109,on,1520456837056
AEJKD2E3MQKW5:3RANCT1ZVFHRUR817TT0I5MAU3LUBD,window_resize,189,"[1366, 668]",1520456837245
AEJKD2E3MQKW5:3RANCT1ZVFHRUR817TT0I5MAU3LUBD,focus,65615,off,1520456902860
AEJKD2E3MQKW5:3RANCT1ZVFHRUR817TT0I5MAU3LUBD,focus,7879,on,1520456910739
AEJKD2E3MQKW5:3XIQGXAUMC8W9JZ6ZHS7XAZI5YG7X7,initialized,0,,1520534331249
AEJKD2E3MQKW5:3XIQGXAUMC8W9JZ6ZHS7XAZI5YG7X7,window_resize,0,"[1366, 668]",1520534331249
AEJKD2E3MQKW5:3XIQGXAUMC8W9JZ6ZHS7XAZI5YG7X7,focus,97,on,1520534331346
AEJKD2E3MQKW5:3XIQGXAUMC8W9JZ6ZHS7XAZI5YG7X7,window_resize,192,"[1366, 668]",1520534331538
AIUKV0KVALMY6:3STRJBFXOWRDNHX6D1GJCCJYYMOTKC,initialized,0,,1520531598834
AIUKV0KVALMY6:3STRJBFXOWRDNHX6D1GJCCJYYMOTKC,window_resize,0,"[1024, 768]",1520531598834
AIUKV0KVALMY6:3STRJBFXOWRDNHX6D1GJCCJYYMOTKC,window_resize,311,"[1024, 768]",1520531599145
AIUKV0KVALMY6:3TGOYF991XM6QQH77KAVNVEYJNYUUY,initialized,0,,1520441333469
AIUKV0KVALMY6:3TGOYF991XM6QQH77KAVNVEYJNYUUY,window_resize,0,"[1024, 768]",1520441333469
AIUKV0KVALMY6:3TGOYF991XM6QQH77KAVNVEYJNYUUY,window_resize,310,"[1024, 768]",1520441333779
AIUKV0KVALMY6:3TGOYF991XM6QQH77KAVNVEYJNYUUY,focus,8292,off,1520441342071
AIUKV0KVALMY6:3TGOYF991XM6QQH77KAVNVEYJNYUUY,focus,1652,on,1520441343723
AIUKV0KVALMY6:3TGOYF991XM6QQH77KAVNVEYJNYUUY,focus,82812,off,1520441426535
AIUKV0KVALMY6:3TGOYF991XM6QQH77KAVNVEYJNYUUY,focus,17967,on,1520441444502
AIUKV0KVALMY6:3TGOYF991XM6QQH77KAVNVEYJNYUUY,focus,44724,off,1520441489226
AIUKV0KVALMY6:3TGOYF991XM6QQH77KAVNVEYJNYUUY,focus,7933,on,1520441497159
AIUKV0KVALMY6:3TGOYF991XM6QQH77KAVNVEYJNYUUY,focus,27251,off,1520441524410
AIUKV0KVALMY6:3TGOYF991XM6QQH77KAVNVEYJNYUUY,focus,56621,on,1520441581031
AIUKV0KVALMY6:3TGOYF991XM6QQH77KAVNVEYJNYUUY,focus,15431,off,1520441596462
AIUKV0KVALMY6:3TGOYF991XM6QQH77KAVNVEYJNYUUY,focus,34293,on,1520441630755
AIUKV0KVALMY6:3TGOYF991XM6QQH77KAVNVEYJNYUUY,focus,32832,off,1520441663587
AIUKV0KVALMY6:3TGOYF991XM6QQH77KAVNVEYJNYUUY,focus,23192,on,1520441686779
AIUKV0KVALMY6:3TGOYF991XM6QQH77KAVNVEYJNYUUY,focus,77087,off,1520441763866
AIUKV0KVALMY6:3TGOYF991XM6QQH77KAVNVEYJNYUUY,focus,16499,on,1520441780365
AIUKV0KVALMY6:3TGOYF991XM6QQH77KAVNVEYJNYUUY,focus,1752,off,1520441782117
AIUKV0KVALMY6:3TGOYF991XM6QQH77KAVNVEYJNYUUY,focus,7232,on,1520441789349
AIUKV0KVALMY6:3TGOYF991XM6QQH77KAVNVEYJNYUUY,focus,3397,off,1520441792746
AIUKV0KVALMY6:3TGOYF991XM6QQH77KAVNVEYJNYUUY,focus,19907,on,1520441812653
AIUKV0KVALMY6:3TGOYF991XM6QQH77KAVNVEYJNYUUY,focus,53765,off,1520441866418
AIUKV0KVALMY6:3TGOYF991XM6QQH77KAVNVEYJNYUUY,focus,35717,on,1520441902135
AJM2MMA3MZS7D:32UTUBMZ7GWR76X1CJ35EROT8E2VBJ,initialized,0,,1520548192386
AJM2MMA3MZS7D:32UTUBMZ7GWR76X1CJ35EROT8E2VBJ,window_resize,0,"[1366, 688]",1520548192386
AJM2MMA3MZS7D:32UTUBMZ7GWR76X1CJ35EROT8E2VBJ,focus,98,on,1520548192484
AJM2MMA3MZS7D:32UTUBMZ7GWR76X1CJ35EROT8E2VBJ,window_resize,194,"[1366, 688]",1520548192678
AJM2MMA3MZS7D:32UTUBMZ7GWR76X1CJ35EROT8E2VBJ,focus,2929,off,1520548195607
AJM2MMA3MZS7D:32UTUBMZ7GWR76X1CJ35EROT8E2VBJ,focus,12,on,1520548195619
AJM2MMA3MZS7D:32UTUBMZ7GWR76X1CJ35EROT8E2VBJ,focus,3672,off,1520548199291
AJM2MMA3MZS7D:32UTUBMZ7GWR76X1CJ35EROT8E2VBJ,focus,625,on,1520548199916
AJM2MMA3MZS7D:32UTUBMZ7GWR76X1CJ35EROT8E2VBJ,focus,812,off,1520548200728
AJM2MMA3MZS7D:32UTUBMZ7GWR76X1CJ35EROT8E2VBJ,focus,19484,on,1520548220212
AJM2MMA3MZS7D:3QBD8R3Z21JCWN3VWS74BLOF2PJO4R,initialized,0,,1520459916486
AJM2MMA3MZS7D:3QBD8R3Z21JCWN3VWS74BLOF2PJO4R,window_resize,0,"[1366, 688]",1520459916486
AJM2MMA3MZS7D:3QBD8R3Z21JCWN3VWS74BLOF2PJO4R,focus,108,on,1520459916594
AJM2MMA3MZS7D:3QBD8R3Z21JCWN3VWS74BLOF2PJO4R,window_resize,185,"[1366, 688]",1520459916779
AK8OOYYYKZF9V:3HMVI3QICJS7Y2AEFXX0FEFE4EC1Y4,initialized,0,,1520441438674
AK8OOYYYKZF9V:3HMVI3QICJS7Y2AEFXX0FEFE4EC1Y4,window_resize,0,"[1024, 768]",1520441438674
AK8OOYYYKZF9V:3HMVI3QICJS7Y2AEFXX0FEFE4EC1Y4,focus,161,on,1520441438835
AK8OOYYYKZF9V:3HMVI3QICJS7Y2AEFXX0FEFE4EC1Y4,window_resize,192,"[1024, 768]",1520441439027
AK8OOYYYKZF9V:3HMVI3QICJS7Y2AEFXX0FEFE4EC1Y4,focus,14521,off,1520441453548
AK8OOYYYKZF9V:3HMVI3QICJS7Y2AEFXX0FEFE4EC1Y4,focus,10862,on,1520441464410
AKHTVKAQY4YUS:3HFNH7HEMHEVTF9V66199FGI7YAQGU,initialized,0,,1520532976866
AKHTVKAQY4YUS:3HFNH7HEMHEVTF9V66199FGI7YAQGU,window_resize,0,"[1366, 677]",1520532976866
AKHTVKAQY4YUS:3HFNH7HEMHEVTF9V66199FGI7YAQGU,window_resize,261,"[1366, 677]",1520532977127
AKHTVKAQY4YUS:3HFNH7HEMHEVTF9V66199FGI7YAQGU,window_resize,7951,"[1366, 677]",1520532985078
AKHTVKAQY4YUS:3HFNH7HEMHEVTF9V66199FGI7YAQGU,window_resize,206,"[1366, 677]",1520532985284
AKHTVKAQY4YUS:3QEMNNSB2XZIBDUP8HRV33WQPC67DZ,initialized,0,,1520441406645
AKHTVKAQY4YUS:3QEMNNSB2XZIBDUP8HRV33WQPC67DZ,window_resize,0,"[1366, 677]",1520441406645
AKHTVKAQY4YUS:3QEMNNSB2XZIBDUP8HRV33WQPC67DZ,window_resize,356,"[1366, 677]",1520441407001
AO8O40QUPCKMZ:3MYYFCXHJ37O4AMX89UW6CFDB70G4C,initialized,0,,1520550985464
AO8O40QUPCKMZ:3MYYFCXHJ37O4AMX89UW6CFDB70G4C,window_resize,15,"[1366, 651]",1520550985479
AO8O40QUPCKMZ:3MYYFCXHJ37O4AMX89UW6CFDB70G4C,focus,123,on,1520550985602
AO8O40QUPCKMZ:3MYYFCXHJ37O4AMX89UW6CFDB70G4C,window_resize,136,"[1366, 651]",1520550985738
AO8O40QUPCKMZ:3TGOYF991XM6QQH77KAVNVEYJN2UU2,initialized,0,,1520443744476
AO8O40QUPCKMZ:3TGOYF991XM6QQH77KAVNVEYJN2UU2,window_resize,15,"[1438, 685]",1520443744491
AO8O40QUPCKMZ:3TGOYF991XM6QQH77KAVNVEYJN2UU2,focus,113,on,1520443744604
AO8O40QUPCKMZ:3TGOYF991XM6QQH77KAVNVEYJN2UU2,window_resize,142,"[1438, 685]",1520443744746
ASTWEY4TK6TFM:3FFJ6VRIL1OL1DARFW7XFL2G97A0I4,initialized,0,,1520535947328
ASTWEY4TK6TFM:3FFJ6VRIL1OL1DARFW7XFL2G97A0I4,window_resize,1,"[1365, 961]",1520535947329
ASTWEY4TK6TFM:3FFJ6VRIL1OL1DARFW7XFL2G97A0I4,window_resize,503,"[1365, 961]",1520535947832
ASTWEY4TK6TFM:3FFJ6VRIL1OL1DARFW7XFL2G97A0I4,focus,55038,off,1520536002870
ASTWEY4TK6TFM:3FFJ6VRIL1OL1DARFW7XFL2G97A0I4,focus,24543,on,1520536027413
ASTWEY4TK6TFM:3FFJ6VRIL1OL1DARFW7XFL2G97A0I4,window_resize,821104,"[1821, 902]",1520536848517
ASTWEY4TK6TFM:3OJSZ2ATDSWN70FWTB9C5R8YCV875R,initialized,0,,1520441401496
ASTWEY4TK6TFM:3OJSZ2ATDSWN70FWTB9C5R8YCV875R,window_resize,0,"[1024, 721]",1520441401496
ASTWEY4TK6TFM:3OJSZ2ATDSWN70FWTB9C5R8YCV875R,window_resize,298,"[1024, 721]",1520441401794
ASTWEY4TK6TFM:3OJSZ2ATDSWN70FWTB9C5R8YCV875R,focus,134453,off,1520441536247
ASTWEY4TK6TFM:3OJSZ2ATDSWN70FWTB9C5R8YCV875R,focus,11277,on,1520441547524
ASTWEY4TK6TFM:3OJSZ2ATDSWN70FWTB9C5R8YCV875R,window_resize,23466,"[1366, 677]",1520441570990
ASTWEY4TK6TFM:3OJSZ2ATDSWN70FWTB9C5R8YCV875R,window_resize,3375,"[1707, 846]",1520441574365
ASTWEY4TK6TFM:3OJSZ2ATDSWN70FWTB9C5R8YCV875R,window_resize,7866,"[2049, 1015]",1520441582231
ASTWEY4TK6TFM:3OJSZ2ATDSWN70FWTB9C5R8YCV875R,window_resize,1735,"[1821, 902]",1520441583966
ASXN1TE7TSOMU:3Z3ZLGNNSIUUZ3X7BRUPQLR93XG3QI,initialized,0,,1520618808189
ASXN1TE7TSOMU:3Z3ZLGNNSIUUZ3X7BRUPQLR93XG3QI,window_resize,0,"[1024, 713]",1520618808189
ASXN1TE7TSOMU:3Z3ZLGNNSIUUZ3X7BRUPQLR93XG3QI,window_resize,1172,"[1024, 713]",1520618809361
ASXN1TE7TSOMU:3Z3ZLGNNSIUUZ3X7BRUPQLR93XG3QI,window_resize,152712,"[1137, 792]",1520618962073
ASXN1TE7TSOMU:3Z3ZLGNNSIUUZ3X7BRUPQLR93XG3QI,focus,112085,off,1520619074158
ASXN1TE7TSOMU:3Z3ZLGNNSIUUZ3X7BRUPQLR93XG3QI,focus,47643,on,1520619121801
ASXN1TE7TSOMU:3Z3ZLGNNSIUUZ3X7BRUPQLR93XG3QI,focus,22203,off,1520619144004
ASXN1TE7TSOMU:3Z3ZLGNNSIUUZ3X7BRUPQLR93XG3QI,focus,13379,on,1520619157383
ASXN1TE7TSOMU:3Z3ZLGNNSIUUZ3X7BRUPQLR93XG3QI,focus,53029,off,1520619210412
ASXN1TE7TSOMU:3Z3ZLGNNSIUUZ3X7BRUPQLR93XG3QI,focus,6273,on,1520619216685
ASXN1TE7TSOMU:3Z3ZLGNNSIUUZ3X7BRUPQLR93XG3QI,focus,1436,off,1520619218121
ASXN1TE7TSOMU:3Z3ZLGNNSIUUZ3X7BRUPQLR93XG3QI,focus,23223,on,1520619241344
ASXN1TE7TSOMU:3Z3ZLGNNSIUUZ3X7BRUPQLR93XG3QI,focus,22262,off,1520619263606
ASXN1TE7TSOMU:3Z3ZLGNNSIUUZ3X7BRUPQLR93XG3QI,focus,11826,on,1520619275432
ASXN1TE7TSOMU:3Z3ZLGNNSIUUZ3X7BRUPQLR93XG3QI,focus,298309,off,1520619573741
ASXN1TE7TSOMU:3Z3ZLGNNSIUUZ3X7BRUPQLR93XG3QI,focus,10858,on,1520619584599
ATRA715A9GRL7:3PMBY0YE273CK4C4NIU4XT5EZ6FC9L,initialized,0,,1520533400620
ATRA715A9GRL7:3PMBY0YE273CK4C4NIU4XT5EZ6FC9L,window_resize,0,"[1440, 826]",1520533400620
ATRA715A9GRL7:3PMBY0YE273CK4C4NIU4XT5EZ6FC9L,window_resize,281,"[1440, 826]",1520533400901
ATRA715A9GRL7:3YDTZAI2WXGR0VWUQQ9TZPB79DD14J,initialized,0,,1520441679563
ATRA715A9GRL7:3YDTZAI2WXGR0VWUQQ9TZPB79DD14J,window_resize,0,"[1024, 768]",1520441679563
ATRA715A9GRL7:3YDTZAI2WXGR0VWUQQ9TZPB79DD14J,window_resize,283,"[1024, 768]",1520441679846
AU3EIPG4ZRRMZ:333U7HK6I9FBV8VR9QGS6T1ZG8GDJO,initialized,0,,1520469353565
AU3EIPG4ZRRMZ:333U7HK6I9FBV8VR9QGS6T1ZG8GDJO,window_resize,0,"[1024, 721]",1520469353565
AU3EIPG4ZRRMZ:333U7HK6I9FBV8VR9QGS6T1ZG8GDJO,window_resize,7217,"[1024, 721]",1520469360782
AU3EIPG4ZRRMZ:333U7HK6I9FBV8VR9QGS6T1ZG8GDJO,window_resize,289278,"[1366, 677]",1520469650060
debugMOdGG:debugDreUK,initialized,0,,1520382161335
debugMOdGG:debugDreUK,window_resize,0,"[1309, 730]",1520382161335
debugMOdGG:debugDreUK,window_resize,498,"[1309, 730]",1520382161833
debugMOdGG:debugDreUK,window_resize,5403035,"[1309, 730]",1520387564868
debugMOdGG:debugDreUK,window_resize,51143,"[1309, 730]",1520387616011
debugMOdGG:debugDreUK,focus,21767,off,1520387637778
debugMOdGG:debugDreUK,focus,65824,on,1520387703602
debugMOdGG:debugDreUK,focus,53460,off,1520387757062
debugMOdGG:debugDreUK,focus,58074,on,1520387815136
debugMOdGG:debugDreUK,focus,72576,off,1520387887712
debugMOdGG:debugDreUK,focus,3516,on,1520387891228
debugMOdGG:debugDreUK,focus,6979,off,1520387898207
debugMOdGG:debugDreUK,focus,129667,on,1520388027874
debugMOdGG:debugDreUK,window_resize,1349187,"[1309, 730]",1520389377061
