A11C01B5PXL1QW:3AMW0RGHOD2G3VP2TXZFZUZ55ESPNU,with_feedback,False
A11C01B5PXL1QW:3AMW0RGHOD2G3VP2TXZFZUZ55ESPNU,params,"{u'branching': u'312', u'bonusRate': 0.0015, u'inspectCost': 1, u'with_feedback': False, u'startTime': u'Wed Apr 04 2018 15:34:08 GMT-0400 (EDT)', u'condition': 0}"
A11C01B5PXL1QW:3AMW0RGHOD2G3VP2TXZFZUZ55ESPNU,condition,0
A11C01B5PXL1QW:3AMW0RGHOD2G3VP2TXZFZUZ55ESPNU,final_bonus,0.45
A12SMSQ6D5227J:3IOEN3P9S7J5FI089E28WNVL78X16S,with_feedback,True
A12SMSQ6D5227J:3IOEN3P9S7J5FI089E28WNVL78X16S,params,"{u'branching': u'312', u'bonusRate': 0.0015, u'inspectCost': 1, u'with_feedback': True, u'startTime': u'Wed Apr 04 2018 12:20:07 GMT-0700 (PDT)', u'condition': 1}"
A12SMSQ6D5227J:3IOEN3P9S7J5FI089E28WNVL78X16S,condition,1
A12SMSQ6D5227J:3IOEN3P9S7J5FI089E28WNVL78X16S,final_bonus,0.45
A13V95MSIU0JN3:3WYP994K17R25OBBL39HAA6VEUEY6X,with_feedback,True
A13V95MSIU0JN3:3WYP994K17R25OBBL39HAA6VEUEY6X,params,"{u'branching': u'312', u'bonusRate': 0.0015, u'inspectCost': 1, u'with_feedback': True, u'startTime': u'Wed Apr 04 2018 19:41:46 GMT-0400 (Eastern Daylight Time)', u'condition': 1}"
A13V95MSIU0JN3:3WYP994K17R25OBBL39HAA6VEUEY6X,condition,1
A13V95MSIU0JN3:3WYP994K17R25OBBL39HAA6VEUEY6X,final_bonus,0.45
A15A09BRS1Q8W0:33F859I566DMP52H7UM1ZQXK2Y4BHM,with_feedback,False
A15A09BRS1Q8W0:33F859I566DMP52H7UM1ZQXK2Y4BHM,params,"{u'branching': u'312', u'bonusRate': 0.0015, u'inspectCost': 1, u'with_feedback': False, u'startTime': u'Wed Apr 04 2018 15:22:50 GMT-0500 (Central Daylight Time)', u'condition': 0}"
A15A09BRS1Q8W0:33F859I566DMP52H7UM1ZQXK2Y4BHM,condition,0
A15A09BRS1Q8W0:33F859I566DMP52H7UM1ZQXK2Y4BHM,final_bonus,0.45
A1768BFPFQ8AP1:339ANSOTR52NE3HVJPHFY5HPP5SIK6,with_feedback,False
A1768BFPFQ8AP1:339ANSOTR52NE3HVJPHFY5HPP5SIK6,params,"{u'branching': u'312', u'bonusRate': 0.0015, u'inspectCost': 1, u'with_feedback': False, u'startTime': u'Wed Apr 04 2018 15:20:36 GMT-0400 (Eastern Daylight Time)', u'condition': 0}"
A1768BFPFQ8AP1:339ANSOTR52NE3HVJPHFY5HPP5SIK6,condition,0
A1768BFPFQ8AP1:339ANSOTR52NE3HVJPHFY5HPP5SIK6,final_bonus,0.45
A1CLCA00V8025R:3K4J6M3CXET36Z2EHA4NJF1D5G6AGR,with_feedback,False
A1CLCA00V8025R:3K4J6M3CXET36Z2EHA4NJF1D5G6AGR,params,"{u'branching': u'312', u'bonusRate': 0.0015, u'inspectCost': 1, u'with_feedback': False, u'startTime': u'Wed Apr 04 2018 15:16:54 GMT-0400 (EDT)', u'condition': 0}"
A1CLCA00V8025R:3K4J6M3CXET36Z2EHA4NJF1D5G6AGR,condition,0
A1CLCA00V8025R:3K4J6M3CXET36Z2EHA4NJF1D5G6AGR,final_bonus,0.54
A1DK1B0L0V9KHJ:3LEIZ60CDJZPSXNEFWEC8R6ZAPM9Z6,with_feedback,True
A1DK1B0L0V9KHJ:3LEIZ60CDJZPSXNEFWEC8R6ZAPM9Z6,params,"{u'branching': u'312', u'bonusRate': 0.0015, u'inspectCost': 1, u'with_feedback': True, u'startTime': u'Wed Apr 04 2018 16:28:04 GMT-0500 (CDT)', u'condition': 1}"
A1DK1B0L0V9KHJ:3LEIZ60CDJZPSXNEFWEC8R6ZAPM9Z6,condition,1
A1DK1B0L0V9KHJ:3LEIZ60CDJZPSXNEFWEC8R6ZAPM9Z6,final_bonus,2.23
A1GWM8H8W65VYM:3CN4LGXD5XOOQ17X2FG2DCMHI394YJ,with_feedback,True
A1GWM8H8W65VYM:3CN4LGXD5XOOQ17X2FG2DCMHI394YJ,params,"{u'branching': u'312', u'bonusRate': 0.0015, u'inspectCost': 1, u'with_feedback': True, u'startTime': u'Wed Apr 04 2018 19:55:54 GMT-0400 (Eastern Daylight Time)', u'condition': 1}"
A1GWM8H8W65VYM:3CN4LGXD5XOOQ17X2FG2DCMHI394YJ,condition,1
A1GWM8H8W65VYM:3CN4LGXD5XOOQ17X2FG2DCMHI394YJ,final_bonus,0.45
A1H2OUZUEYPWQZ:3ND9UOO81K2GZ4JIT6XVEW3CTGVWLU,with_feedback,False
A1H2OUZUEYPWQZ:3ND9UOO81K2GZ4JIT6XVEW3CTGVWLU,params,"{u'branching': u'312', u'bonusRate': 0.0015, u'inspectCost': 1, u'with_feedback': False, u'startTime': u'Wed Apr 04 2018 14:27:48 GMT-0500 (CDT)', u'condition': 0}"
A1H2OUZUEYPWQZ:3ND9UOO81K2GZ4JIT6XVEW3CTGVWLU,condition,0
A1H2OUZUEYPWQZ:3ND9UOO81K2GZ4JIT6XVEW3CTGVWLU,final_bonus,0.45
A1IFQKU85DQSKI:3EG49X351UCD5JL1G7NFRWZMCOKX6Q,with_feedback,False
A1IFQKU85DQSKI:3EG49X351UCD5JL1G7NFRWZMCOKX6Q,params,"{u'branching': u'312', u'bonusRate': 0.0015, u'inspectCost': 1, u'with_feedback': False, u'startTime': u'Wed Apr 04 2018 18:31:03 GMT-0500 (Central Daylight Time)', u'condition': 0}"
A1IFQKU85DQSKI:3EG49X351UCD5JL1G7NFRWZMCOKX6Q,condition,0
A1IFQKU85DQSKI:3EG49X351UCD5JL1G7NFRWZMCOKX6Q,final_bonus,0.45
A1J6Z70T78B35V:3A4NIXBJ76ZKUSP4P4R85Y1LVFNML1,with_feedback,False
A1J6Z70T78B35V:3A4NIXBJ76ZKUSP4P4R85Y1LVFNML1,params,"{u'branching': u'312', u'bonusRate': 0.0015, u'inspectCost': 1, u'with_feedback': False, u'startTime': u'Wed Apr 04 2018 18:36:16 GMT-0400 (Eastern Daylight Time)', u'condition': 0}"
A1J6Z70T78B35V:3A4NIXBJ76ZKUSP4P4R85Y1LVFNML1,condition,0
A1J6Z70T78B35V:3A4NIXBJ76ZKUSP4P4R85Y1LVFNML1,final_bonus,0.45
A1L00Q877QQVWP:3A4NIXBJ76ZKUSP4P4R85Y1LVEHLMS,with_feedback,False
A1L00Q877QQVWP:3A4NIXBJ76ZKUSP4P4R85Y1LVEHLMS,params,"{u'branching': u'312', u'bonusRate': 0.0015, u'inspectCost': 1, u'with_feedback': False, u'startTime': u'Wed Apr 04 2018 15:37:14 GMT-0400 (Eastern Daylight Time)', u'condition': 0}"
A1L00Q877QQVWP:3A4NIXBJ76ZKUSP4P4R85Y1LVEHLMS,condition,0
A1L00Q877QQVWP:3A4NIXBJ76ZKUSP4P4R85Y1LVEHLMS,final_bonus,0.45
A1MWLK5NE8AS9Q:3JZQSN0I3QAY2QJMSQQFXGC42WJGFA,with_feedback,False
A1MWLK5NE8AS9Q:3JZQSN0I3QAY2QJMSQQFXGC42WJGFA,params,"{u'branching': u'312', u'bonusRate': 0.0015, u'inspectCost': 1, u'with_feedback': False, u'startTime': u'Wed Apr 04 2018 16:01:18 GMT-0400 (EDT)', u'condition': 0}"
A1MWLK5NE8AS9Q:3JZQSN0I3QAY2QJMSQQFXGC42WJGFA,condition,0
A1MWLK5NE8AS9Q:3JZQSN0I3QAY2QJMSQQFXGC42WJGFA,final_bonus,2.34
A1NH9NLE8FFVSW:3CCZ6YKWR7JRLJ3P887WJNZ49QB95W,with_feedback,True
A1NH9NLE8FFVSW:3CCZ6YKWR7JRLJ3P887WJNZ49QB95W,params,"{u'branching': u'312', u'bonusRate': 0.0015, u'inspectCost': 1, u'with_feedback': True, u'startTime': u'Wed Apr 04 2018 12:49:14 GMT-0700 (Pacific Daylight Time)', u'condition': 1}"
A1NH9NLE8FFVSW:3CCZ6YKWR7JRLJ3P887WJNZ49QB95W,condition,1
A1NH9NLE8FFVSW:3CCZ6YKWR7JRLJ3P887WJNZ49QB95W,final_bonus,0.45
A1SWNWA75A3KGH:3TYCR1GOTCJKTZON4TH2D0XUAJ1LZD,with_feedback,True
A1SWNWA75A3KGH:3TYCR1GOTCJKTZON4TH2D0XUAJ1LZD,params,"{u'branching': u'312', u'bonusRate': 0.0015, u'inspectCost': 1, u'with_feedback': True, u'startTime': u'Wed Apr 04 2018 16:16:57 GMT-0400 (Eastern Daylight Time)', u'condition': 1}"
A1SWNWA75A3KGH:3TYCR1GOTCJKTZON4TH2D0XUAJ1LZD,condition,1
A1SWNWA75A3KGH:3TYCR1GOTCJKTZON4TH2D0XUAJ1LZD,final_bonus,2.39
A1TA30P0NOOGE2:3RXPCZQMQPB7CBPELRBU8E8A1N2G1D,with_feedback,False
A1TA30P0NOOGE2:3RXPCZQMQPB7CBPELRBU8E8A1N2G1D,params,"{u'branching': u'312', u'bonusRate': 0.0015, u'inspectCost': 1, u'with_feedback': False, u'startTime': u'Wed Apr 04 2018 13:11:25 GMT-0700 (Pacific Daylight Time)', u'condition': 0}"
A1TA30P0NOOGE2:3RXPCZQMQPB7CBPELRBU8E8A1N2G1D,condition,0
A1TA30P0NOOGE2:3RXPCZQMQPB7CBPELRBU8E8A1N2G1D,final_bonus,0.45
A1YCUPQAMJB7K1:35LDD5557A49AM7M44F7QYO66ECKMO,with_feedback,True
A1YCUPQAMJB7K1:35LDD5557A49AM7M44F7QYO66ECKMO,params,"{u'branching': u'312', u'bonusRate': 0.0015, u'inspectCost': 1, u'with_feedback': True, u'startTime': u'Wed Apr 04 2018 13:32:28 GMT-0600 (Mountain Daylight Time)', u'condition': 1}"
A1YCUPQAMJB7K1:35LDD5557A49AM7M44F7QYO66ECKMO,condition,1
A1YCUPQAMJB7K1:35LDD5557A49AM7M44F7QYO66ECKMO,final_bonus,0.45
A203C9REA20IT3:3KJYX6QCM9BXPPVD0BGMCF76IINVJG,with_feedback,True
A203C9REA20IT3:3KJYX6QCM9BXPPVD0BGMCF76IINVJG,params,"{u'branching': u'312', u'bonusRate': 0.0015, u'inspectCost': 1, u'with_feedback': True, u'startTime': u'Wed Apr 04 2018 12:17:49 GMT-0700 (Pacific Daylight Time)', u'condition': 1}"
A203C9REA20IT3:3KJYX6QCM9BXPPVD0BGMCF76IINVJG,condition,1
A203C9REA20IT3:3KJYX6QCM9BXPPVD0BGMCF76IINVJG,final_bonus,0.45
A24IJKTT6TF0Z9:3F6HPJW4JD0AYIXAJ0FQZ043NH52WE,with_feedback,True
A24IJKTT6TF0Z9:3F6HPJW4JD0AYIXAJ0FQZ043NH52WE,params,"{u'branching': u'312', u'bonusRate': 0.0015, u'inspectCost': 1, u'with_feedback': True, u'startTime': u'Wed Apr 04 2018 15:39:55 GMT-0400 (Eastern Daylight Time)', u'condition': 1}"
A24IJKTT6TF0Z9:3F6HPJW4JD0AYIXAJ0FQZ043NH52WE,condition,1
A24IJKTT6TF0Z9:3F6HPJW4JD0AYIXAJ0FQZ043NH52WE,final_bonus,0.45
A250XXRJTSMSEN:31EUONYN2V3BQ0MAGO8RKBOSHD7OV4,with_feedback,False
A250XXRJTSMSEN:31EUONYN2V3BQ0MAGO8RKBOSHD7OV4,params,"{u'branching': u'312', u'bonusRate': 0.0015, u'inspectCost': 1, u'with_feedback': False, u'startTime': u'Wed Apr 04 2018 20:02:16 GMT-0400 (Eastern Daylight Time)', u'condition': 0}"
A250XXRJTSMSEN:31EUONYN2V3BQ0MAGO8RKBOSHD7OV4,condition,0
A250XXRJTSMSEN:31EUONYN2V3BQ0MAGO8RKBOSHD7OV4,final_bonus,0.45
A261NEZSEFSRQI:38F71OA9GTWYU0F83TOAALW1YJYFMM,with_feedback,False
A261NEZSEFSRQI:38F71OA9GTWYU0F83TOAALW1YJYFMM,params,"{u'branching': u'312', u'bonusRate': 0.0015, u'inspectCost': 1, u'with_feedback': False, u'startTime': u'Wed Apr 04 2018 14:37:29 GMT-0600 (Mountain Daylight Time)', u'condition': 0}"
A261NEZSEFSRQI:38F71OA9GTWYU0F83TOAALW1YJYFMM,condition,0
A261NEZSEFSRQI:38F71OA9GTWYU0F83TOAALW1YJYFMM,final_bonus,0.45
A26I76BUCO0LAO:3Z3ZLGNNSIUUZ3X7BRUPQLR95TNQ36,with_feedback,False
A26I76BUCO0LAO:3Z3ZLGNNSIUUZ3X7BRUPQLR95TNQ36,params,"{u'branching': u'312', u'bonusRate': 0.0015, u'inspectCost': 1, u'with_feedback': False, u'startTime': u'Wed Apr 04 2018 15:36:36 GMT-0400 (Eastern Daylight Time)', u'condition': 0}"
A26I76BUCO0LAO:3Z3ZLGNNSIUUZ3X7BRUPQLR95TNQ36,condition,0
A26I76BUCO0LAO:3Z3ZLGNNSIUUZ3X7BRUPQLR95TNQ36,final_bonus,0.45
A26Y58YECZUZZG:3LRLIPTPEQ988LYX71P2H7T6CXNKA4,with_feedback,False
A26Y58YECZUZZG:3LRLIPTPEQ988LYX71P2H7T6CXNKA4,params,"{u'branching': u'312', u'bonusRate': 0.0015, u'inspectCost': 1, u'with_feedback': False, u'startTime': u'Wed Apr 04 2018 14:28:51 GMT-0500 (Central Daylight Time)', u'condition': 0}"
A26Y58YECZUZZG:3LRLIPTPEQ988LYX71P2H7T6CXNKA4,condition,0
A26Y58YECZUZZG:3LRLIPTPEQ988LYX71P2H7T6CXNKA4,final_bonus,0.45
A273DS7TQWR9M1:3ZPBJO59KP1F4201LQD7UGLK5JGDHV,with_feedback,False
A273DS7TQWR9M1:3ZPBJO59KP1F4201LQD7UGLK5JGDHV,params,"{u'branching': u'312', u'bonusRate': 0.0015, u'inspectCost': 1, u'with_feedback': False, u'startTime': u'Wed Apr 04 2018 14:20:11 GMT-0500 (Central Daylight Time)', u'condition': 0}"
A273DS7TQWR9M1:3ZPBJO59KP1F4201LQD7UGLK5JGDHV,condition,0
A273DS7TQWR9M1:3ZPBJO59KP1F4201LQD7UGLK5JGDHV,final_bonus,0.45
A2859W7COFU82O:3JNQLM5FT4MUNOLBFM8OQPNNP90L21,with_feedback,True
A2859W7COFU82O:3JNQLM5FT4MUNOLBFM8OQPNNP90L21,params,"{u'branching': u'312', u'bonusRate': 0.0015, u'inspectCost': 1, u'with_feedback': True, u'startTime': u'Wed Apr 04 2018 12:19:50 GMT-0700 (Pacific Daylight Time)', u'condition': 1}"
A2859W7COFU82O:3JNQLM5FT4MUNOLBFM8OQPNNP90L21,condition,1
A2859W7COFU82O:3JNQLM5FT4MUNOLBFM8OQPNNP90L21,final_bonus,0.45
A286H1M66CL5ZI:38JBBYETQOAQKWQ62E4869U10QVE43,with_feedback,True
A286H1M66CL5ZI:38JBBYETQOAQKWQ62E4869U10QVE43,params,"{u'branching': u'312', u'bonusRate': 0.0015, u'inspectCost': 1, u'with_feedback': True, u'startTime': u'Wed Apr 04 2018 12:23:46 GMT-0700 (PDT)', u'condition': 1}"
A286H1M66CL5ZI:38JBBYETQOAQKWQ62E4869U10QVE43,condition,1
A286H1M66CL5ZI:38JBBYETQOAQKWQ62E4869U10QVE43,final_bonus,2.06
A2C3IB7C7HWQ1G:3OLQQLKKNSPGNE9R5LRCCBJKINLJEZ,with_feedback,True
A2C3IB7C7HWQ1G:3OLQQLKKNSPGNE9R5LRCCBJKINLJEZ,params,"{u'branching': u'312', u'bonusRate': 0.0015, u'inspectCost': 1, u'with_feedback': True, u'startTime': u'Wed Apr 04 2018 15:25:31 GMT-0400 (Eastern Daylight Time)', u'condition': 1}"
A2C3IB7C7HWQ1G:3OLQQLKKNSPGNE9R5LRCCBJKINLJEZ,condition,1
A2C3IB7C7HWQ1G:3OLQQLKKNSPGNE9R5LRCCBJKINLJEZ,final_bonus,0.45
A2CT0IK0QSFDRS:3TMFV4NEP8ELKXZZZHOR9RH69GW8WK,with_feedback,False
A2CT0IK0QSFDRS:3TMFV4NEP8ELKXZZZHOR9RH69GW8WK,params,"{u'branching': u'312', u'bonusRate': 0.0015, u'inspectCost': 1, u'with_feedback': False, u'startTime': u'Wed Apr 04 2018 13:24:19 GMT-0600 (Mountain Daylight Time)', u'condition': 0}"
A2CT0IK0QSFDRS:3TMFV4NEP8ELKXZZZHOR9RH69GW8WK,condition,0
A2CT0IK0QSFDRS:3TMFV4NEP8ELKXZZZHOR9RH69GW8WK,final_bonus,0.45
A2DBQ3WRHICY9P:3TXD01ZLD4H79SNSSEJDARG4MEPU40,with_feedback,True
A2DBQ3WRHICY9P:3TXD01ZLD4H79SNSSEJDARG4MEPU40,params,"{u'branching': u'312', u'bonusRate': 0.0015, u'inspectCost': 1, u'with_feedback': True, u'startTime': u'Wed Apr 04 2018 15:27:26 GMT-0400 (Eastern Daylight Time)', u'condition': 1}"
A2DBQ3WRHICY9P:3TXD01ZLD4H79SNSSEJDARG4MEPU40,condition,1
A2DBQ3WRHICY9P:3TXD01ZLD4H79SNSSEJDARG4MEPU40,final_bonus,1.3800000000000001
A2F9DG86SP81O4:3EWIJTFFVO79L885JDH6U64OJFK0EG,with_feedback,False
A2F9DG86SP81O4:3EWIJTFFVO79L885JDH6U64OJFK0EG,params,"{u'branching': u'312', u'bonusRate': 0.0015, u'inspectCost': 1, u'with_feedback': False, u'startTime': u'Wed Apr 04 2018 15:48:46 GMT-0700 (PDT)', u'condition': 0}"
A2F9DG86SP81O4:3EWIJTFFVO79L885JDH6U64OJFK0EG,condition,0
A2F9DG86SP81O4:3EWIJTFFVO79L885JDH6U64OJFK0EG,final_bonus,0.45
A2HBRQA37M4NFO:3LPW2N6LKT2P5BRS6J2NFJMIMBMU59,with_feedback,True
A2HBRQA37M4NFO:3LPW2N6LKT2P5BRS6J2NFJMIMBMU59,params,"{u'branching': u'312', u'bonusRate': 0.0015, u'inspectCost': 1, u'with_feedback': True, u'startTime': u'Wed Apr 04 2018 15:13:34 GMT-0500 (Central Daylight Time)', u'condition': 1}"
A2HBRQA37M4NFO:3LPW2N6LKT2P5BRS6J2NFJMIMBMU59,condition,1
A2HBRQA37M4NFO:3LPW2N6LKT2P5BRS6J2NFJMIMBMU59,final_bonus,0.45
A2IR9QOMB7LP7A:3QIYRE09Y3HDM3608VOPYYH72ZQ1N8,with_feedback,True
A2IR9QOMB7LP7A:3QIYRE09Y3HDM3608VOPYYH72ZQ1N8,params,"{u'branching': u'312', u'bonusRate': 0.0015, u'inspectCost': 1, u'with_feedback': True, u'startTime': u'Wed Apr 04 2018 17:23:21 GMT-0400 (Eastern Daylight Time)', u'condition': 1}"
A2IR9QOMB7LP7A:3QIYRE09Y3HDM3608VOPYYH72ZQ1N8,condition,1
A2IR9QOMB7LP7A:3QIYRE09Y3HDM3608VOPYYH72ZQ1N8,final_bonus,1.8599999999999999
A2IUUSQGQDEYID:3SUWZRL0MYD4ZJUKL2XN37EFWH1E6O,with_feedback,True
A2IUUSQGQDEYID:3SUWZRL0MYD4ZJUKL2XN37EFWH1E6O,params,"{u'branching': u'312', u'bonusRate': 0.0015, u'inspectCost': 1, u'with_feedback': True, u'startTime': u'Wed Apr 04 2018 14:56:33 GMT-0500 (Central Daylight Time)', u'condition': 1}"
A2IUUSQGQDEYID:3SUWZRL0MYD4ZJUKL2XN37EFWH1E6O,condition,1
A2IUUSQGQDEYID:3SUWZRL0MYD4ZJUKL2XN37EFWH1E6O,final_bonus,0.45
A2J2P9JE374XCM:3I2PTA7R3TU0V15EWXMO778BGF9QKH,with_feedback,False
A2J2P9JE374XCM:3I2PTA7R3TU0V15EWXMO778BGF9QKH,params,"{u'branching': u'312', u'bonusRate': 0.0015, u'inspectCost': 1, u'with_feedback': False, u'startTime': u'Wed Apr 04 2018 15:23:15 GMT-0400 (Eastern Daylight Time)', u'condition': 0}"
A2J2P9JE374XCM:3I2PTA7R3TU0V15EWXMO778BGF9QKH,condition,0
A2J2P9JE374XCM:3I2PTA7R3TU0V15EWXMO778BGF9QKH,final_bonus,0.45
A2JTV44ZIGMS5D:3PWWM24LHSYZ8H1SLXZKLK1H5A2825,with_feedback,False
A2JTV44ZIGMS5D:3PWWM24LHSYZ8H1SLXZKLK1H5A2825,params,"{u'branching': u'312', u'bonusRate': 0.0015, u'inspectCost': 1, u'with_feedback': False, u'startTime': u'Wed Apr 04 2018 15:41:14 GMT-0400 (Eastern Daylight Time)', u'condition': 0}"
A2JTV44ZIGMS5D:3PWWM24LHSYZ8H1SLXZKLK1H5A2825,condition,0
A2JTV44ZIGMS5D:3PWWM24LHSYZ8H1SLXZKLK1H5A2825,final_bonus,0.45
A2K3MUBO2FWKRD:3JWH6J9I9SDEZ1OSASHE4AUGOADBNV,with_feedback,False
A2K3MUBO2FWKRD:3JWH6J9I9SDEZ1OSASHE4AUGOADBNV,params,"{u'branching': u'312', u'bonusRate': 0.0015, u'inspectCost': 1, u'with_feedback': False, u'startTime': u'Wed Apr 04 2018 15:26:04 GMT-0400 (Eastern Daylight Time)', u'condition': 0}"
A2K3MUBO2FWKRD:3JWH6J9I9SDEZ1OSASHE4AUGOADBNV,condition,0
A2K3MUBO2FWKRD:3JWH6J9I9SDEZ1OSASHE4AUGOADBNV,final_bonus,0.45
A2KED6T6BO622W:3E4GGUZ1T8RJ3I3TUMWNBPA80AZ2KL,with_feedback,False
A2KED6T6BO622W:3E4GGUZ1T8RJ3I3TUMWNBPA80AZ2KL,params,"{u'branching': u'312', u'bonusRate': 0.0015, u'inspectCost': 1, u'with_feedback': False, u'startTime': u'Wed Apr 04 2018 17:09:17 GMT-0400 (Eastern Daylight Time)', u'condition': 0}"
A2KED6T6BO622W:3E4GGUZ1T8RJ3I3TUMWNBPA80AZ2KL,condition,0
A2KED6T6BO622W:3E4GGUZ1T8RJ3I3TUMWNBPA80AZ2KL,final_bonus,2.22
A2LEY4X3LD8G26:3XM0HYN6NKZC9PCP0YWW975WRNZPEF,with_feedback,False
A2LEY4X3LD8G26:3XM0HYN6NKZC9PCP0YWW975WRNZPEF,params,"{u'branching': u'312', u'bonusRate': 0.0015, u'inspectCost': 1, u'with_feedback': False, u'startTime': u'Wed Apr 04 2018 19:31:26 GMT-0400 (Eastern Daylight Time)', u'condition': 0}"
A2LEY4X3LD8G26:3XM0HYN6NKZC9PCP0YWW975WRNZPEF,condition,0
A2LEY4X3LD8G26:3XM0HYN6NKZC9PCP0YWW975WRNZPEF,final_bonus,0.45
A2LFM01A16YPKG:3MTMREQS4VIZ3LSEWF855IN1Z4WAWQ,with_feedback,False
A2LFM01A16YPKG:3MTMREQS4VIZ3LSEWF855IN1Z4WAWQ,params,"{u'branching': u'312', u'bonusRate': 0.0015, u'inspectCost': 1, u'with_feedback': False, u'startTime': u'Wed Apr 04 2018 15:18:35 GMT-0400 (Eastern Daylight Time)', u'condition': 0}"
A2LFM01A16YPKG:3MTMREQS4VIZ3LSEWF855IN1Z4WAWQ,condition,0
A2LFM01A16YPKG:3MTMREQS4VIZ3LSEWF855IN1Z4WAWQ,final_bonus,0.45
A2M4YIC3XU2693:3MB8LZR5BFTP44P14SESQL9H6ATLKW,with_feedback,True
A2M4YIC3XU2693:3MB8LZR5BFTP44P14SESQL9H6ATLKW,params,"{u'branching': u'312', u'bonusRate': 0.0015, u'inspectCost': 1, u'with_feedback': True, u'startTime': u'Wed Apr 04 2018 17:07:41 GMT-0700 (Pacific Daylight Time)', u'condition': 1}"
A2M4YIC3XU2693:3MB8LZR5BFTP44P14SESQL9H6ATLKW,condition,1
A2M4YIC3XU2693:3MB8LZR5BFTP44P14SESQL9H6ATLKW,final_bonus,0.52
A2M5S4Q46TQ7LU:3Q5ZZ9ZEVOFR7EKF3G1IJR4TPJS853,with_feedback,False
A2M5S4Q46TQ7LU:3Q5ZZ9ZEVOFR7EKF3G1IJR4TPJS853,params,"{u'branching': u'312', u'bonusRate': 0.0015, u'inspectCost': 1, u'with_feedback': False, u'startTime': u'Wed Apr 04 2018 15:18:16 GMT-0400 (Eastern Daylight Time)', u'condition': 0}"
A2M5S4Q46TQ7LU:3Q5ZZ9ZEVOFR7EKF3G1IJR4TPJS853,condition,0
A2M5S4Q46TQ7LU:3Q5ZZ9ZEVOFR7EKF3G1IJR4TPJS853,final_bonus,2.08
A2MPCT1O95PVL9:3ZSANO2JCF71SVSDNQKWMUV7Q7DFST,with_feedback,True
A2MPCT1O95PVL9:3ZSANO2JCF71SVSDNQKWMUV7Q7DFST,params,"{u'branching': u'312', u'bonusRate': 0.0015, u'inspectCost': 1, u'with_feedback': True, u'startTime': u'Wed Apr 04 2018 15:28:18 GMT-0400 (Eastern Daylight Time)', u'condition': 1}"
A2MPCT1O95PVL9:3ZSANO2JCF71SVSDNQKWMUV7Q7DFST,condition,1
A2MPCT1O95PVL9:3ZSANO2JCF71SVSDNQKWMUV7Q7DFST,final_bonus,0.45
A2O2Q0LVWOWJ1G:3E13VNJ1NNVL82V9BFBXTQLQGZSI13,with_feedback,True
A2O2Q0LVWOWJ1G:3E13VNJ1NNVL82V9BFBXTQLQGZSI13,params,"{u'branching': u'312', u'bonusRate': 0.0015, u'inspectCost': 1, u'with_feedback': True, u'startTime': u'Wed Apr 04 2018 15:19:52 GMT-0400 (Eastern Daylight Time)', u'condition': 1}"
A2O2Q0LVWOWJ1G:3E13VNJ1NNVL82V9BFBXTQLQGZSI13,condition,1
A2O2Q0LVWOWJ1G:3E13VNJ1NNVL82V9BFBXTQLQGZSI13,final_bonus,0.45
A2RAIYFP76TNNQ:30MVJZJNHMDZSIIAXABQKXI9RQ5J9P,with_feedback,True
A2RAIYFP76TNNQ:30MVJZJNHMDZSIIAXABQKXI9RQ5J9P,params,"{u'branching': u'312', u'bonusRate': 0.0015, u'inspectCost': 1, u'with_feedback': True, u'startTime': u'Wed Apr 04 2018 15:34:55 GMT-0400 (Eastern Daylight Time)', u'condition': 1}"
A2RAIYFP76TNNQ:30MVJZJNHMDZSIIAXABQKXI9RQ5J9P,condition,1
A2RAIYFP76TNNQ:30MVJZJNHMDZSIIAXABQKXI9RQ5J9P,final_bonus,0.45
A2TI9CGVG147MZ:3J2UYBXQQLC58TFQDVY8IICB2HS06R,with_feedback,True
A2TI9CGVG147MZ:3J2UYBXQQLC58TFQDVY8IICB2HS06R,params,"{u'branching': u'312', u'bonusRate': 0.0015, u'inspectCost': 1, u'with_feedback': True, u'startTime': u'Wed Apr 04 2018 15:39:05 GMT-0400 (Eastern Daylight Time)', u'condition': 1}"
A2TI9CGVG147MZ:3J2UYBXQQLC58TFQDVY8IICB2HS06R,condition,1
A2TI9CGVG147MZ:3J2UYBXQQLC58TFQDVY8IICB2HS06R,final_bonus,0.45
A2TN5NSHC2BZ12:37UEWGM5HT8Y11YS12567IMH3WG1RX,with_feedback,False
A2TN5NSHC2BZ12:37UEWGM5HT8Y11YS12567IMH3WG1RX,params,"{u'branching': u'312', u'bonusRate': 0.0015, u'inspectCost': 1, u'with_feedback': False, u'startTime': u'Wed Apr 04 2018 14:52:53 GMT-0700 (Pacific Daylight Time)', u'condition': 0}"
A2TN5NSHC2BZ12:37UEWGM5HT8Y11YS12567IMH3WG1RX,condition,0
A2TN5NSHC2BZ12:37UEWGM5HT8Y11YS12567IMH3WG1RX,final_bonus,0.45
A2UNI1FVOGMUQA:30X31N5D63Q6W4B5CAY48TKGTR0ASB,with_feedback,True
A2UNI1FVOGMUQA:30X31N5D63Q6W4B5CAY48TKGTR0ASB,params,"{u'branching': u'312', u'bonusRate': 0.0015, u'inspectCost': 1, u'with_feedback': True, u'startTime': u'Wed Apr 04 2018 15:19:10 GMT-0400 (Eastern Daylight Time)', u'condition': 1}"
A2UNI1FVOGMUQA:30X31N5D63Q6W4B5CAY48TKGTR0ASB,condition,1
A2UNI1FVOGMUQA:30X31N5D63Q6W4B5CAY48TKGTR0ASB,final_bonus,0.45
A2VZCI7OQIBXJZ:34Q075JO1XDA17ET7PMRNMLUU5B10R,with_feedback,True
A2VZCI7OQIBXJZ:34Q075JO1XDA17ET7PMRNMLUU5B10R,params,"{u'branching': u'312', u'bonusRate': 0.0015, u'inspectCost': 1, u'with_feedback': True, u'startTime': u'Wed Apr 04 2018 13:19:05 GMT-0600 (Mountain Standard Time)', u'condition': 1}"
A2VZCI7OQIBXJZ:34Q075JO1XDA17ET7PMRNMLUU5B10R,condition,1
A2VZCI7OQIBXJZ:34Q075JO1XDA17ET7PMRNMLUU5B10R,final_bonus,0.45
A2W51XQ24N6RUW:3ZGVPD4G6TH8CCWSD2JTZR7B4WNTZO,with_feedback,True
A2W51XQ24N6RUW:3ZGVPD4G6TH8CCWSD2JTZR7B4WNTZO,params,"{u'branching': u'312', u'bonusRate': 0.0015, u'inspectCost': 1, u'with_feedback': True, u'startTime': u'Wed Apr 04 2018 15:12:32 GMT-0500 (Central Daylight Time)', u'condition': 1}"
A2W51XQ24N6RUW:3ZGVPD4G6TH8CCWSD2JTZR7B4WNTZO,condition,1
A2W51XQ24N6RUW:3ZGVPD4G6TH8CCWSD2JTZR7B4WNTZO,final_bonus,0.45
A2YAYHZYI7M3HD:3GLB5JMZFXV1465Q1KVP9G9JQJ3GDZ,with_feedback,True
A2YAYHZYI7M3HD:3GLB5JMZFXV1465Q1KVP9G9JQJ3GDZ,params,"{u'branching': u'312', u'bonusRate': 0.0015, u'inspectCost': 1, u'with_feedback': True, u'startTime': u'Wed Apr 04 2018 15:21:17 GMT-0400 (Eastern Daylight Time)', u'condition': 1}"
A2YAYHZYI7M3HD:3GLB5JMZFXV1465Q1KVP9G9JQJ3GDZ,condition,1
A2YAYHZYI7M3HD:3GLB5JMZFXV1465Q1KVP9G9JQJ3GDZ,final_bonus,0.45
A2Z874ZGWJP6JQ:3VA45EW49NNV4O6C9AO2DNHCS8RO14,with_feedback,False
A2Z874ZGWJP6JQ:3VA45EW49NNV4O6C9AO2DNHCS8RO14,params,"{u'branching': u'312', u'bonusRate': 0.0015, u'inspectCost': 1, u'with_feedback': False, u'startTime': u'Wed Apr 04 2018 14:23:26 GMT-0500 (Central Daylight Time)', u'condition': 0}"
A2Z874ZGWJP6JQ:3VA45EW49NNV4O6C9AO2DNHCS8RO14,condition,0
A2Z874ZGWJP6JQ:3VA45EW49NNV4O6C9AO2DNHCS8RO14,final_bonus,0.45
A2ZXVKXY2MR8RS:34S6N1K2ZVJY2EOTY7BVDTTPESILHJ,with_feedback,False
A2ZXVKXY2MR8RS:34S6N1K2ZVJY2EOTY7BVDTTPESILHJ,params,"{u'branching': u'312', u'bonusRate': 0.0015, u'inspectCost': 1, u'with_feedback': False, u'startTime': u'Wed Apr 04 2018 15:13:49 GMT-0500 (Central Daylight Time)', u'condition': 0}"
A2ZXVKXY2MR8RS:34S6N1K2ZVJY2EOTY7BVDTTPESILHJ,condition,0
A2ZXVKXY2MR8RS:34S6N1K2ZVJY2EOTY7BVDTTPESILHJ,final_bonus,0.45
A30YP6TXOXDN7C:386CSBG1OZMTWMKPUTSNXO3TFKP6QS,with_feedback,False
A30YP6TXOXDN7C:386CSBG1OZMTWMKPUTSNXO3TFKP6QS,params,"{u'branching': u'312', u'bonusRate': 0.0015, u'inspectCost': 1, u'with_feedback': False, u'startTime': u'Wed Apr 04 2018 14:21:20 GMT-0500 (CDT)', u'condition': 0}"
A30YP6TXOXDN7C:386CSBG1OZMTWMKPUTSNXO3TFKP6QS,condition,0
A30YP6TXOXDN7C:386CSBG1OZMTWMKPUTSNXO3TFKP6QS,final_bonus,0.45
A31EWGHHCQ2XMZ:3FE7TXL1LIN5EL1O7RGK7BMHZFNQ2V,with_feedback,True
A31EWGHHCQ2XMZ:3FE7TXL1LIN5EL1O7RGK7BMHZFNQ2V,params,"{u'branching': u'312', u'bonusRate': 0.0015, u'inspectCost': 1, u'with_feedback': True, u'startTime': u'Wed Apr 04 2018 15:36:27 GMT-0400 (Eastern Daylight Time)', u'condition': 1}"
A31EWGHHCQ2XMZ:3FE7TXL1LIN5EL1O7RGK7BMHZFNQ2V,condition,1
A31EWGHHCQ2XMZ:3FE7TXL1LIN5EL1O7RGK7BMHZFNQ2V,final_bonus,0.45
A31NILFUEWAOSJ:308XBLVESI4ZEZGK3ZYVDUZQP84RB3,with_feedback,False
A31NILFUEWAOSJ:308XBLVESI4ZEZGK3ZYVDUZQP84RB3,params,"{u'branching': u'312', u'bonusRate': 0.0015, u'inspectCost': 1, u'with_feedback': False, u'startTime': u'Wed Apr 04 2018 13:16:23 GMT-0700 (Pacific Daylight Time)', u'condition': 0}"
A31NILFUEWAOSJ:308XBLVESI4ZEZGK3ZYVDUZQP84RB3,condition,0
A31NILFUEWAOSJ:308XBLVESI4ZEZGK3ZYVDUZQP84RB3,final_bonus,0.45
A32JNOSQH86VNS:3I3WADAZ9Q4US67VAXQEGDUT4OWO5M,with_feedback,True
A32JNOSQH86VNS:3I3WADAZ9Q4US67VAXQEGDUT4OWO5M,params,"{u'branching': u'312', u'bonusRate': 0.0015, u'inspectCost': 1, u'with_feedback': True, u'startTime': u'Wed Apr 04 2018 15:23:53 GMT-0400 (EDT)', u'condition': 1}"
A32JNOSQH86VNS:3I3WADAZ9Q4US67VAXQEGDUT4OWO5M,condition,1
A32JNOSQH86VNS:3I3WADAZ9Q4US67VAXQEGDUT4OWO5M,final_bonus,1.48
A348VZXJU4J66N:354GIDR5ZB6AUITBB6IR9H2KPE600Q,with_feedback,True
A348VZXJU4J66N:354GIDR5ZB6AUITBB6IR9H2KPE600Q,params,"{u'branching': u'312', u'bonusRate': 0.0015, u'inspectCost': 1, u'with_feedback': True, u'startTime': u'Wed Apr 04 2018 14:45:05 GMT-0500 (Central Daylight Time)', u'condition': 1}"
A348VZXJU4J66N:354GIDR5ZB6AUITBB6IR9H2KPE600Q,condition,1
A348VZXJU4J66N:354GIDR5ZB6AUITBB6IR9H2KPE600Q,final_bonus,0.45
A34NANW4QYC366:3R6BYFZZP7C9OCECH0QJL2CZ5NJFX7,with_feedback,True
A34NANW4QYC366:3R6BYFZZP7C9OCECH0QJL2CZ5NJFX7,params,"{u'branching': u'312', u'bonusRate': 0.0015, u'inspectCost': 1, u'with_feedback': True, u'startTime': u'Wed Apr 04 2018 17:31:23 GMT-0500 (Central Daylight Time)', u'condition': 1}"
A34NANW4QYC366:3R6BYFZZP7C9OCECH0QJL2CZ5NJFX7,condition,1
A34NANW4QYC366:3R6BYFZZP7C9OCECH0QJL2CZ5NJFX7,final_bonus,0.45
A38NKLE8WK7RKY:345LHZDEDXSMRW4OS0EU0MOY8ET3UO,with_feedback,True
A38NKLE8WK7RKY:345LHZDEDXSMRW4OS0EU0MOY8ET3UO,params,"{u'branching': u'312', u'bonusRate': 0.0015, u'inspectCost': 1, u'with_feedback': True, u'startTime': u'Wed Apr 04 2018 14:25:06 GMT-0500 (Central Daylight Time)', u'condition': 1}"
A38NKLE8WK7RKY:345LHZDEDXSMRW4OS0EU0MOY8ET3UO,condition,1
A38NKLE8WK7RKY:345LHZDEDXSMRW4OS0EU0MOY8ET3UO,final_bonus,2.0500000000000003
A3BYUMQTYHXWZY:3RXPCZQMQPB7CBPELRBU8E8A1N8G1J,with_feedback,True
A3BYUMQTYHXWZY:3RXPCZQMQPB7CBPELRBU8E8A1N8G1J,params,"{u'branching': u'312', u'bonusRate': 0.0015, u'inspectCost': 1, u'with_feedback': True, u'startTime': u'Wed Apr 04 2018 19:29:57 GMT-0400 (Eastern Daylight Time)', u'condition': 1}"
A3BYUMQTYHXWZY:3RXPCZQMQPB7CBPELRBU8E8A1N8G1J,condition,1
A3BYUMQTYHXWZY:3RXPCZQMQPB7CBPELRBU8E8A1N8G1J,final_bonus,2.22
A3C3L0ELLH9G1I:3JV9LGBJWTES83WFRT95KALIUYDOG9,with_feedback,True
A3C3L0ELLH9G1I:3JV9LGBJWTES83WFRT95KALIUYDOG9,params,"{u'branching': u'312', u'bonusRate': 0.0015, u'inspectCost': 1, u'with_feedback': True, u'startTime': u'Wed Apr 04 2018 16:54:35 GMT-0400 (Eastern Daylight Time)', u'condition': 1}"
A3C3L0ELLH9G1I:3JV9LGBJWTES83WFRT95KALIUYDOG9,condition,1
A3C3L0ELLH9G1I:3JV9LGBJWTES83WFRT95KALIUYDOG9,final_bonus,0.45
A3DOFBGPXJJH5T:38SKSKU7R1XYY9ZD4PTGD5U4E6YILC,with_feedback,False
A3DOFBGPXJJH5T:38SKSKU7R1XYY9ZD4PTGD5U4E6YILC,params,"{u'branching': u'312', u'bonusRate': 0.0015, u'inspectCost': 1, u'with_feedback': False, u'startTime': u'Wed Apr 04 2018 15:49:14 GMT-0400 (Eastern Daylight Time)', u'condition': 0}"
A3DOFBGPXJJH5T:38SKSKU7R1XYY9ZD4PTGD5U4E6YILC,condition,0
A3DOFBGPXJJH5T:38SKSKU7R1XYY9ZD4PTGD5U4E6YILC,final_bonus,0.45
A3FY6THWKRYN9M:3MAOD8E57QALC4RTFO9WT7L87D1NXG,with_feedback,True
A3FY6THWKRYN9M:3MAOD8E57QALC4RTFO9WT7L87D1NXG,params,"{u'branching': u'312', u'bonusRate': 0.0015, u'inspectCost': 1, u'with_feedback': True, u'startTime': u'Wed Apr 04 2018 14:23:59 GMT-0500 (Central Daylight Time)', u'condition': 1}"
A3FY6THWKRYN9M:3MAOD8E57QALC4RTFO9WT7L87D1NXG,condition,1
A3FY6THWKRYN9M:3MAOD8E57QALC4RTFO9WT7L87D1NXG,final_bonus,0.45
A3GILB0W0YAJ0G:36W0OB37HWEI735XD824L84NT2SZHK,with_feedback,True
A3GILB0W0YAJ0G:36W0OB37HWEI735XD824L84NT2SZHK,params,"{u'branching': u'312', u'bonusRate': 0.0015, u'inspectCost': 1, u'with_feedback': True, u'startTime': u'Wed Apr 04 2018 16:27:50 GMT-0400 (Eastern Daylight Time)', u'condition': 1}"
A3GILB0W0YAJ0G:36W0OB37HWEI735XD824L84NT2SZHK,condition,1
A3GILB0W0YAJ0G:36W0OB37HWEI735XD824L84NT2SZHK,final_bonus,0.45
A3IFVDB03R6463:3L2IS5HSFAITV0XYAJY990M4DVKNUO,with_feedback,False
A3IFVDB03R6463:3L2IS5HSFAITV0XYAJY990M4DVKNUO,params,"{u'branching': u'312', u'bonusRate': 0.0015, u'inspectCost': 1, u'with_feedback': False, u'startTime': u'Wed Apr 04 2018 16:09:17 GMT-0400 (Eastern Daylight Time)', u'condition': 0}"
A3IFVDB03R6463:3L2IS5HSFAITV0XYAJY990M4DVKNUO,condition,0
A3IFVDB03R6463:3L2IS5HSFAITV0XYAJY990M4DVKNUO,final_bonus,0.45
A3JLCVQ5ARYLHC:386PBUZZXFXUTKJJM7EGP694RKMLJO,with_feedback,True
A3JLCVQ5ARYLHC:386PBUZZXFXUTKJJM7EGP694RKMLJO,params,"{u'branching': u'312', u'bonusRate': 0.0015, u'inspectCost': 1, u'with_feedback': True, u'startTime': u'Wed Apr 04 2018 15:23:19 GMT-0400 (Eastern Standard Time)', u'condition': 1}"
A3JLCVQ5ARYLHC:386PBUZZXFXUTKJJM7EGP694RKMLJO,condition,1
A3JLCVQ5ARYLHC:386PBUZZXFXUTKJJM7EGP694RKMLJO,final_bonus,0.45
A3L2MLJTYY5PTP:3LOTDFNYA7ZUZC9M7VUXJJYSWLAWFS,with_feedback,True
A3L2MLJTYY5PTP:3LOTDFNYA7ZUZC9M7VUXJJYSWLAWFS,params,"{u'branching': u'312', u'bonusRate': 0.0015, u'inspectCost': 1, u'with_feedback': True, u'startTime': u'Wed Apr 04 2018 15:53:06 GMT-0400 (Eastern Daylight Time)', u'condition': 1}"
A3L2MLJTYY5PTP:3LOTDFNYA7ZUZC9M7VUXJJYSWLAWFS,condition,1
A3L2MLJTYY5PTP:3LOTDFNYA7ZUZC9M7VUXJJYSWLAWFS,final_bonus,0.45
A3M2L2MYVUW457:3DOCMVPBTNEG0ADPDIMNV5UA5ZRNNW,with_feedback,True
A3M2L2MYVUW457:3DOCMVPBTNEG0ADPDIMNV5UA5ZRNNW,params,"{u'branching': u'312', u'bonusRate': 0.0015, u'inspectCost': 1, u'with_feedback': True, u'startTime': u'Wed Apr 04 2018 14:20:54 GMT-0500 (Central Daylight Time)', u'condition': 1}"
A3M2L2MYVUW457:3DOCMVPBTNEG0ADPDIMNV5UA5ZRNNW,condition,1
A3M2L2MYVUW457:3DOCMVPBTNEG0ADPDIMNV5UA5ZRNNW,final_bonus,0.45
A3OCY4XCGNJQB7:3R5F3LQFV2KSZKRKHLXU5H1O5O7ZO9,with_feedback,True
A3OCY4XCGNJQB7:3R5F3LQFV2KSZKRKHLXU5H1O5O7ZO9,params,"{u'branching': u'312', u'bonusRate': 0.0015, u'inspectCost': 1, u'with_feedback': True, u'startTime': u'Wed Apr 04 2018 17:08:30 GMT-0400 (EDT)', u'condition': 1}"
A3OCY4XCGNJQB7:3R5F3LQFV2KSZKRKHLXU5H1O5O7ZO9,condition,1
A3OCY4XCGNJQB7:3R5F3LQFV2KSZKRKHLXU5H1O5O7ZO9,final_bonus,2.18
A3OE27BF76QDXJ:3180JW2OT4CGRVGYUKY98HD75UMJ5Y,with_feedback,False
A3OE27BF76QDXJ:3180JW2OT4CGRVGYUKY98HD75UMJ5Y,params,"{u'branching': u'312', u'bonusRate': 0.0015, u'inspectCost': 1, u'with_feedback': False, u'startTime': u'Wed Apr 04 2018 15:24:20 GMT-0400 (Eastern Daylight Time)', u'condition': 0}"
A3OE27BF76QDXJ:3180JW2OT4CGRVGYUKY98HD75UMJ5Y,condition,0
A3OE27BF76QDXJ:3180JW2OT4CGRVGYUKY98HD75UMJ5Y,final_bonus,2.12
A3RBT1V8BGYB2K:3D8YOU6S9EKLOFR6B2CS7P0II5V6UX,with_feedback,True
A3RBT1V8BGYB2K:3D8YOU6S9EKLOFR6B2CS7P0II5V6UX,params,"{u'branching': u'312', u'bonusRate': 0.0015, u'inspectCost': 1, u'with_feedback': True, u'startTime': u'Wed Apr 04 2018 14:23:03 GMT-0500 (Central Daylight Time)', u'condition': 1}"
A3RBT1V8BGYB2K:3D8YOU6S9EKLOFR6B2CS7P0II5V6UX,condition,1
A3RBT1V8BGYB2K:3D8YOU6S9EKLOFR6B2CS7P0II5V6UX,final_bonus,2.18
A3T61LJ1WNOL6Z:3EQHHY4HQSS60TQXMED6B4LRD37G5V,with_feedback,True
A3T61LJ1WNOL6Z:3EQHHY4HQSS60TQXMED6B4LRD37G5V,params,"{u'branching': u'312', u'bonusRate': 0.0015, u'inspectCost': 1, u'with_feedback': True, u'startTime': u'Wed Apr 04 2018 14:11:31 GMT-0600 (Mountain Daylight Time)', u'condition': 1}"
A3T61LJ1WNOL6Z:3EQHHY4HQSS60TQXMED6B4LRD37G5V,condition,1
A3T61LJ1WNOL6Z:3EQHHY4HQSS60TQXMED6B4LRD37G5V,final_bonus,0.45
A3UEWM3LH1FW40:33SA9F9TRXU2TY9QCKAR11DSKKWWEB,with_feedback,True
A3UEWM3LH1FW40:33SA9F9TRXU2TY9QCKAR11DSKKWWEB,params,"{u'branching': u'312', u'bonusRate': 0.0015, u'inspectCost': 1, u'with_feedback': True, u'startTime': u'Wed Apr 04 2018 16:19:05 GMT-0400 (Eastern Daylight Time)', u'condition': 1}"
A3UEWM3LH1FW40:33SA9F9TRXU2TY9QCKAR11DSKKWWEB,condition,1
A3UEWM3LH1FW40:33SA9F9TRXU2TY9QCKAR11DSKKWWEB,final_bonus,0.45
A4UVNGSXE2ANA:3OHYZ19UGC5RYCJC5THVOOAFW3ZAOI,with_feedback,False
A4UVNGSXE2ANA:3OHYZ19UGC5RYCJC5THVOOAFW3ZAOI,params,"{u'branching': u'312', u'bonusRate': 0.0015, u'inspectCost': 1, u'with_feedback': False, u'startTime': u'Wed Apr 04 2018 13:05:53 GMT-0700 (Pacific Daylight Time)', u'condition': 0}"
A4UVNGSXE2ANA:3OHYZ19UGC5RYCJC5THVOOAFW3ZAOI,condition,0
A4UVNGSXE2ANA:3OHYZ19UGC5RYCJC5THVOOAFW3ZAOI,final_bonus,0.45
A6KOTWP7N7RLU:345LHZDEDXSMRW4OS0EU0MOY8ET3UO,with_feedback,False
A6KOTWP7N7RLU:345LHZDEDXSMRW4OS0EU0MOY8ET3UO,params,"{u'branching': u'312', u'bonusRate': 0.0015, u'inspectCost': 1, u'with_feedback': False, u'startTime': u'Wed Apr 04 2018 12:21:29 GMT-0700 (Pacific Daylight Time)', u'condition': 0}"
A6KOTWP7N7RLU:345LHZDEDXSMRW4OS0EU0MOY8ET3UO,condition,0
A6KOTWP7N7RLU:345LHZDEDXSMRW4OS0EU0MOY8ET3UO,final_bonus,0.45
A7MHJIPWRTJ8D:373ERPL3YO8ZALA13LPGDO5CVF8TRZ,with_feedback,False
A7MHJIPWRTJ8D:373ERPL3YO8ZALA13LPGDO5CVF8TRZ,params,"{u'branching': u'312', u'bonusRate': 0.0015, u'inspectCost': 1, u'with_feedback': False, u'startTime': u'Wed Apr 04 2018 18:53:46 GMT-0400 (Eastern Daylight Time)', u'condition': 0}"
A7MHJIPWRTJ8D:373ERPL3YO8ZALA13LPGDO5CVF8TRZ,condition,0
A7MHJIPWRTJ8D:373ERPL3YO8ZALA13LPGDO5CVF8TRZ,final_bonus,2
A7SXWHGK8B40R:37TRT2X24QRIGBX7VUPMB3DZFQ8BJR,with_feedback,False
A7SXWHGK8B40R:37TRT2X24QRIGBX7VUPMB3DZFQ8BJR,params,"{u'branching': u'312', u'bonusRate': 0.0015, u'inspectCost': 1, u'with_feedback': False, u'startTime': u'Wed Apr 04 2018 16:01:01 GMT-0400 (Eastern Daylight Time)', u'condition': 0}"
A7SXWHGK8B40R:37TRT2X24QRIGBX7VUPMB3DZFQ8BJR,condition,0
A7SXWHGK8B40R:37TRT2X24QRIGBX7VUPMB3DZFQ8BJR,final_bonus,1.24
ABBTAGVJI2ECY:3S0TNUHWKTIMBRZ8IMJ1H3SL21R8DE,with_feedback,False
ABBTAGVJI2ECY:3S0TNUHWKTIMBRZ8IMJ1H3SL21R8DE,params,"{u'branching': u'312', u'bonusRate': 0.0015, u'inspectCost': 1, u'with_feedback': False, u'startTime': u'Wed Apr 04 2018 14:46:51 GMT-0500 (Central Daylight Time)', u'condition': 0}"
ABBTAGVJI2ECY:3S0TNUHWKTIMBRZ8IMJ1H3SL21R8DE,condition,0
ABBTAGVJI2ECY:3S0TNUHWKTIMBRZ8IMJ1H3SL21R8DE,final_bonus,0.45
AE2TB9H8K6Z1D:3JBT3HLQF82AKK3LWLA9UH6EFT3PZG,with_feedback,True
AE2TB9H8K6Z1D:3JBT3HLQF82AKK3LWLA9UH6EFT3PZG,params,"{u'branching': u'312', u'bonusRate': 0.0015, u'inspectCost': 1, u'with_feedback': True, u'startTime': u'Wed Apr 04 2018 17:10:04 GMT-0400 (Eastern Daylight Time)', u'condition': 1}"
AE2TB9H8K6Z1D:3JBT3HLQF82AKK3LWLA9UH6EFT3PZG,condition,1
AE2TB9H8K6Z1D:3JBT3HLQF82AKK3LWLA9UH6EFT3PZG,final_bonus,0.45
AFXNDSHJDLXTF:3UOUJI6MTDEY7UB2CPLI72D2F9UXUI,with_feedback,True
AFXNDSHJDLXTF:3UOUJI6MTDEY7UB2CPLI72D2F9UXUI,params,"{u'branching': u'312', u'bonusRate': 0.0015, u'inspectCost': 1, u'with_feedback': True, u'startTime': u'Wed Apr 04 2018 15:42:19 GMT-0400 (Eastern Daylight Time)', u'condition': 1}"
AFXNDSHJDLXTF:3UOUJI6MTDEY7UB2CPLI72D2F9UXUI,condition,1
AFXNDSHJDLXTF:3UOUJI6MTDEY7UB2CPLI72D2F9UXUI,final_bonus,0.45
AIZZUY91QP09S:3L0KT67Y8EG7SM98SGCKBF2NWI3SY3,with_feedback,False
AIZZUY91QP09S:3L0KT67Y8EG7SM98SGCKBF2NWI3SY3,params,"{u'branching': u'312', u'bonusRate': 0.0015, u'inspectCost': 1, u'with_feedback': False, u'startTime': u'Wed Apr 04 2018 15:39:54 GMT-0400 (Eastern Daylight Time)', u'condition': 0}"
AIZZUY91QP09S:3L0KT67Y8EG7SM98SGCKBF2NWI3SY3,condition,0
AIZZUY91QP09S:3L0KT67Y8EG7SM98SGCKBF2NWI3SY3,final_bonus,0.45
AJTNDRWYD3IFR:3MRNMEIQW56HQYJRCBS5M8ERM0PLDA,with_feedback,False
AJTNDRWYD3IFR:3MRNMEIQW56HQYJRCBS5M8ERM0PLDA,params,"{u'branching': u'312', u'bonusRate': 0.0015, u'inspectCost': 1, u'with_feedback': False, u'startTime': u'Wed Apr 04 2018 15:24:00 GMT-0400 (US Eastern Daylight Time)', u'condition': 0}"
AJTNDRWYD3IFR:3MRNMEIQW56HQYJRCBS5M8ERM0PLDA,condition,0
AJTNDRWYD3IFR:3MRNMEIQW56HQYJRCBS5M8ERM0PLDA,final_bonus,1.88
ARCROXZI0H0SW:337RC3OW0523KFJD3WSZSUKYM7SVLI,with_feedback,False
ARCROXZI0H0SW:337RC3OW0523KFJD3WSZSUKYM7SVLI,params,"{u'branching': u'312', u'bonusRate': 0.0015, u'inspectCost': 1, u'with_feedback': False, u'startTime': u'Wed Apr 04 2018 14:17:14 GMT-0500 (CDT)', u'condition': 0}"
ARCROXZI0H0SW:337RC3OW0523KFJD3WSZSUKYM7SVLI,condition,0
ARCROXZI0H0SW:337RC3OW0523KFJD3WSZSUKYM7SVLI,final_bonus,0.45
ARF0YRA4UT03C:3W8CV64QJ2Z31CNK9A858K2UEY1H9I,with_feedback,False
ARF0YRA4UT03C:3W8CV64QJ2Z31CNK9A858K2UEY1H9I,params,"{u'branching': u'312', u'bonusRate': 0.0015, u'inspectCost': 1, u'with_feedback': False, u'startTime': u'Wed Apr 04 2018 15:25:43 GMT-0400 (Eastern Daylight Time)', u'condition': 0}"
ARF0YRA4UT03C:3W8CV64QJ2Z31CNK9A858K2UEY1H9I,condition,0
ARF0YRA4UT03C:3W8CV64QJ2Z31CNK9A858K2UEY1H9I,final_bonus,0.45
ATZBGGX4J7B1N:33OOO72IVHLV4JLILOZLOT6QVE1CT8,with_feedback,True
ATZBGGX4J7B1N:33OOO72IVHLV4JLILOZLOT6QVE1CT8,params,"{u'branching': u'312', u'bonusRate': 0.0015, u'inspectCost': 1, u'with_feedback': True, u'startTime': u'Wed Apr 04 2018 16:02:38 GMT-0400 (Eastern Daylight Time)', u'condition': 1}"
ATZBGGX4J7B1N:33OOO72IVHLV4JLILOZLOT6QVE1CT8,condition,1
ATZBGGX4J7B1N:33OOO72IVHLV4JLILOZLOT6QVE1CT8,final_bonus,0.45
AV74R07MDJ2VL:33IZTU6J811ISHJYNKQIS1VEUC9SXX,with_feedback,True
AV74R07MDJ2VL:33IZTU6J811ISHJYNKQIS1VEUC9SXX,params,"{u'branching': u'312', u'bonusRate': 0.0015, u'inspectCost': 1, u'with_feedback': True, u'startTime': u'Wed Apr 04 2018 16:26:08 GMT-0400 (Eastern Daylight Time)', u'condition': 1}"
AV74R07MDJ2VL:33IZTU6J811ISHJYNKQIS1VEUC9SXX,condition,1
AV74R07MDJ2VL:33IZTU6J811ISHJYNKQIS1VEUC9SXX,final_bonus,2.13
AVX4B6IZRYKBX:31QTRG6Q2TDAFUTG0Z8QGAXC9YWYPT,with_feedback,True
AVX4B6IZRYKBX:31QTRG6Q2TDAFUTG0Z8QGAXC9YWYPT,params,"{u'branching': u'312', u'bonusRate': 0.0015, u'inspectCost': 1, u'with_feedback': True, u'startTime': u'Wed Apr 04 2018 15:27:31 GMT-0400 (Eastern Daylight Time)', u'condition': 1}"
AVX4B6IZRYKBX:31QTRG6Q2TDAFUTG0Z8QGAXC9YWYPT,condition,1
AVX4B6IZRYKBX:31QTRG6Q2TDAFUTG0Z8QGAXC9YWYPT,final_bonus,2.15
AXKV2UQ5HEG29:3YW4XOSQKQLQHTQ95W0BCT91AVH1UY,with_feedback,False
AXKV2UQ5HEG29:3YW4XOSQKQLQHTQ95W0BCT91AVH1UY,params,"{u'branching': u'312', u'bonusRate': 0.0015, u'inspectCost': 1, u'with_feedback': False, u'startTime': u'Wed Apr 04 2018 15:53:57 GMT-0400 (Eastern Daylight Time)', u'condition': 0}"
AXKV2UQ5HEG29:3YW4XOSQKQLQHTQ95W0BCT91AVH1UY,condition,0
AXKV2UQ5HEG29:3YW4XOSQKQLQHTQ95W0BCT91AVH1UY,final_bonus,0.45
AZDRKFTM4LARP:3BXQMRHWKZYNDICYYIJ9WLX485AMUN,with_feedback,False
AZDRKFTM4LARP:3BXQMRHWKZYNDICYYIJ9WLX485AMUN,params,"{u'branching': u'312', u'bonusRate': 0.0015, u'inspectCost': 1, u'with_feedback': False, u'startTime': u'Wed Apr 04 2018 17:06:36 GMT-0400 (Eastern Daylight Time)', u'condition': 0}"
AZDRKFTM4LARP:3BXQMRHWKZYNDICYYIJ9WLX485AMUN,condition,0
AZDRKFTM4LARP:3BXQMRHWKZYNDICYYIJ9WLX485AMUN,final_bonus,0.45
AZLZA0Q87TJZO:3S0TNUHWKTIMBRZ8IMJ1H3SL20Q8DB,with_feedback,False
AZLZA0Q87TJZO:3S0TNUHWKTIMBRZ8IMJ1H3SL20Q8DB,params,"{u'branching': u'312', u'bonusRate': 0.0015, u'inspectCost': 1, u'with_feedback': False, u'startTime': u'Wed Apr 04 2018 15:19:11 GMT-0400 (Eastern Daylight Time)', u'condition': 0}"
AZLZA0Q87TJZO:3S0TNUHWKTIMBRZ8IMJ1H3SL20Q8DB,condition,0
AZLZA0Q87TJZO:3S0TNUHWKTIMBRZ8IMJ1H3SL20Q8DB,final_bonus,0.45
debugOsaSA:debugaSJ4I,with_feedback,False
debugOsaSA:debugaSJ4I,params,"{u'branching': u'312', u'bonusRate': 0.0015, u'inspectCost': 1, u'with_feedback': False, u'startTime': u'Wed Apr 04 2018 11:09:33 GMT-0700 (Pacific Daylight Time)', u'condition': 0}"
debugOsaSA:debugaSJ4I,condition,0
debugOsaSA:debugaSJ4I,final_bonus,2.2800000000000002
